training_drop_penalty,training_seed,policy,mean_return,mean_dropped,mean_delivered,applied_constraint_violations,return_delta_vs_random,drop_delta_vs_random,return_delta_vs_projected_queue,drop_delta_vs_projected_queue
,,random_available,-60.2755,12.825,94.25,0.0,,,,
,,projected_queue_observation_only,-57.277,11.0,95.2,0.0,,,,
4.0,7,dqn,-58.9445,11.675,94.95,0.0,1.331,-1.15,-1.6675,0.675
4.0,19,dqn,-50.734,18.025,94.95,0.0,9.5415,5.2,6.543,7.025
4.0,31,dqn,-50.293,18.025,94.95,0.0,9.9825,5.2,6.984,7.025
4.0,43,dqn,-52.056,16.775,95.0,0.0,8.2195,3.95,5.221,5.775
4.0,59,dqn,-49.2325,17.875,95.1,0.0,11.043,5.05,8.0445,6.875
6.0,7,dqn,-57.329,11.45,95.175,0.0,2.9465,-1.375,-0.052,0.45
6.0,19,dqn,-57.3355,11.0,95.2,0.0,2.94,-1.825,-0.0585,0.0
6.0,31,dqn,-58.29,11.1,95.1,0.0,1.9855,-1.725,-1.013,0.1
6.0,43,dqn,-55.522,11.0,95.2,0.0,4.7535,-1.825,1.755,0.0
6.0,59,dqn,-57.3265,11.0,95.2,0.0,2.949,-1.825,-0.0495,0.0
8.0,7,dqn,-57.3265,11.0,95.2,0.0,2.949,-1.825,-0.0495,0.0
8.0,19,dqn,-56.8425,10.95,95.25,0.0,3.433,-1.875,0.4345,-0.05
8.0,31,dqn,-58.299,11.1,95.1,0.0,1.9765,-1.725,-1.022,0.1
8.0,43,dqn,-55.468,11.0,95.2,0.0,4.8075,-1.825,1.809,0.0
8.0,59,dqn,-57.3265,11.0,95.2,0.0,2.949,-1.825,-0.0495,0.0
12.0,7,dqn,-59.8625,11.275,94.925,0.0,0.413,-1.55,-2.5855,0.275
12.0,19,dqn,-59.9875,11.3,94.9,0.0,0.288,-1.525,-2.7105,0.3
12.0,31,dqn,-58.012,11.075,95.125,0.0,2.2635,-1.75,-0.735,0.075
12.0,43,dqn,-56.451,10.95,95.25,0.0,3.8245,-1.875,0.826,-0.05
12.0,59,dqn,-56.8425,10.95,95.25,0.0,3.433,-1.875,0.4345,-0.05
16.0,7,dqn,-57.9715,11.075,95.125,0.0,2.304,-1.75,-0.6945,0.075
16.0,19,dqn,-57.3265,11.0,95.2,0.0,2.949,-1.825,-0.0495,0.0
16.0,31,dqn,-58.433,11.125,95.075,0.0,1.8425,-1.7,-1.156,0.125
16.0,43,dqn,-56.7615,10.95,95.25,0.0,3.514,-1.875,0.5155,-0.05
16.0,59,dqn,-56.8245,10.95,95.25,0.0,3.451,-1.875,0.4525,-0.05
