scenario_id,scenario_role,training_seed,policy,mean_return,mean_dropped,mean_delivered,applied_constraint_violations,return_delta_vs_random,drop_delta_vs_random,return_delta_vs_projected_queue,drop_delta_vs_projected_queue
nominal_control,control,,random_available,-60.2755,12.825,94.25,0.0,,,,
nominal_control,control,,projected_queue_observation_only,-57.277,11.0,95.2,0.0,,,,
nominal_control,control,7,dqn_training_drop_penalty_8,-57.3265,11.0,95.2,0.0,2.949,-1.825,-0.0495,0.0
nominal_control,control,19,dqn_training_drop_penalty_8,-56.8425,10.95,95.25,0.0,3.433,-1.875,0.4345,-0.05
nominal_control,control,31,dqn_training_drop_penalty_8,-58.299,11.1,95.1,0.0,1.9765,-1.725,-1.022,0.1
nominal_control,control,43,dqn_training_drop_penalty_8,-55.468,11.0,95.2,0.0,4.8075,-1.825,1.809,0.0
nominal_control,control,59,dqn_training_drop_penalty_8,-57.3265,11.0,95.2,0.0,2.949,-1.825,-0.0495,0.0
bursty_arrivals,declared_shift,,random_available,-59.931,11.95,94.6,0.0,,,,
bursty_arrivals,declared_shift,,projected_queue_observation_only,-58.644,11.65,94.975,0.0,,,,
bursty_arrivals,declared_shift,7,dqn_training_drop_penalty_8,-58.5275,11.175,95.05,0.0,1.4035,-0.775,0.1165,-0.475
bursty_arrivals,declared_shift,19,dqn_training_drop_penalty_8,-58.071,11.575,95.05,0.0,1.86,-0.375,0.573,-0.075
bursty_arrivals,declared_shift,31,dqn_training_drop_penalty_8,-58.579,11.7,94.925,0.0,1.352,-0.25,0.065,0.05
bursty_arrivals,declared_shift,43,dqn_training_drop_penalty_8,-58.071,11.575,95.05,0.0,1.86,-0.375,0.573,-0.075
bursty_arrivals,declared_shift,59,dqn_training_drop_penalty_8,-58.106,11.6,95.025,0.0,1.825,-0.35,0.538,-0.05
extended_outages,declared_shift,,random_available,-62.5135,11.6,94.6,0.0,,,,
extended_outages,declared_shift,,projected_queue_observation_only,-62.5135,11.6,94.6,0.0,,,,
extended_outages,declared_shift,7,dqn_training_drop_penalty_8,-62.5135,11.6,94.6,0.0,0.0,0.0,0.0,0.0
extended_outages,declared_shift,19,dqn_training_drop_penalty_8,-62.5135,11.6,94.6,0.0,0.0,0.0,0.0,0.0
extended_outages,declared_shift,31,dqn_training_drop_penalty_8,-62.5135,11.6,94.6,0.0,0.0,0.0,0.0,0.0
extended_outages,declared_shift,43,dqn_training_drop_penalty_8,-62.5135,11.6,94.6,0.0,0.0,0.0,0.0,0.0
extended_outages,declared_shift,59,dqn_training_drop_penalty_8,-62.5135,11.6,94.6,0.0,0.0,0.0,0.0,0.0
reduced_capacity,declared_shift,,random_available,-46.188,20.025,89.775,0.0,,,,
reduced_capacity,declared_shift,,projected_queue_observation_only,-45.897,19.0,94.525,0.0,,,,
reduced_capacity,declared_shift,7,dqn_training_drop_penalty_8,-36.0955,20.25,86.75,0.0,10.0925,0.225,9.8015,1.25
reduced_capacity,declared_shift,19,dqn_training_drop_penalty_8,-43.394,19.575,93.325,0.0,2.794,-0.45,2.503,0.575
reduced_capacity,declared_shift,31,dqn_training_drop_penalty_8,-45.2755,19.125,94.4,0.0,0.9125,-0.9,0.6215,0.125
reduced_capacity,declared_shift,43,dqn_training_drop_penalty_8,-45.1045,18.9,94.625,0.0,1.0835,-1.125,0.7925,-0.1
reduced_capacity,declared_shift,59,dqn_training_drop_penalty_8,-37.3,20.7,85.775,0.0,8.888,0.675,8.597,1.7
shifted_service_asymmetry,declared_shift,,random_available,-103.9935,20.475,74.175,0.0,,,,
shifted_service_asymmetry,declared_shift,,projected_queue_observation_only,-108.7485,20.15,76.625,0.0,,,,
shifted_service_asymmetry,declared_shift,7,dqn_training_drop_penalty_8,-106.2855,20.425,77.2,0.0,-2.292,-0.05,2.463,0.275
shifted_service_asymmetry,declared_shift,19,dqn_training_drop_penalty_8,-106.6815,20.425,77.2,0.0,-2.688,-0.05,2.067,0.275
shifted_service_asymmetry,declared_shift,31,dqn_training_drop_penalty_8,-111.3405,20.2,75.925,0.0,-7.347,-0.275,-2.592,0.05
shifted_service_asymmetry,declared_shift,43,dqn_training_drop_penalty_8,-106.231,20.4,77.825,0.0,-2.2375,-0.075,2.5175,0.25
shifted_service_asymmetry,declared_shift,59,dqn_training_drop_penalty_8,-106.411,20.4,77.825,0.0,-2.4175,-0.075,2.3375,0.25
sealed_composite_challenge,sealed_final_challenge,,random_available,-84.463,21.125,21.925,0.0,,,,
sealed_composite_challenge,sealed_final_challenge,,projected_queue_observation_only,-84.484,20.15,25.6,0.0,,,,
sealed_composite_challenge,sealed_final_challenge,7,dqn_training_drop_penalty_8,-85.3005,20.225,24.125,0.0,-0.8375,-0.9,-0.8165,0.075
sealed_composite_challenge,sealed_final_challenge,19,dqn_training_drop_penalty_8,-84.3755,20.1,25.45,0.0,0.0875,-1.025,0.1085,-0.05
sealed_composite_challenge,sealed_final_challenge,31,dqn_training_drop_penalty_8,-85.846,20.55,26.0,0.0,-1.383,-0.575,-1.362,0.4
sealed_composite_challenge,sealed_final_challenge,43,dqn_training_drop_penalty_8,-84.1805,20.175,25.675,0.0,0.2825,-0.95,0.3035,0.025
sealed_composite_challenge,sealed_final_challenge,59,dqn_training_drop_penalty_8,-84.396,20.125,25.525,0.0,0.067,-1.0,0.088,-0.025
