scenario_id,scenario_role,evaluation_seed,policy,mean_return,mean_dropped,mean_delivered,applied_constraint_violations,support_fallback_rate,disagreement_fallback_rate,total_fallback_rate,dqn_authority_rate,mean_support_distance,maximum_support_distance,return_delta_vs_projected_queue,drop_delta_vs_projected_queue,return_delta_vs_unguarded_unanimity,drop_delta_vs_unguarded_unanimity
nominal_control,control,1000,projected_queue_observation_only,-56.64,11.0,95.0,0.0,,,,,,,,,,
nominal_control,control,1001,projected_queue_observation_only,-58.16,11.0,96.0,0.0,,,,,,,,,,
nominal_control,control,1002,projected_queue_observation_only,-63.96,12.0,96.0,0.0,,,,,,,,,,
nominal_control,control,1003,projected_queue_observation_only,-60.16,11.0,94.0,0.0,,,,,,,,,,
nominal_control,control,1004,projected_queue_observation_only,-47.42,10.0,95.0,0.0,,,,,,,,,,
nominal_control,control,1005,projected_queue_observation_only,-68.48,12.0,94.0,0.0,,,,,,,,,,
nominal_control,control,1006,projected_queue_observation_only,-46.96,10.0,96.0,0.0,,,,,,,,,,
nominal_control,control,1007,projected_queue_observation_only,-57.46,11.0,94.0,0.0,,,,,,,,,,
nominal_control,control,1008,projected_queue_observation_only,-60.16,11.0,94.0,0.0,,,,,,,,,,
nominal_control,control,1009,projected_queue_observation_only,-56.28,11.0,95.0,0.0,,,,,,,,,,
nominal_control,control,1010,projected_queue_observation_only,-55.46,11.0,96.0,0.0,,,,,,,,,,
nominal_control,control,1011,projected_queue_observation_only,-51.12,10.0,94.0,0.0,,,,,,,,,,
nominal_control,control,1012,projected_queue_observation_only,-47.42,10.0,95.0,0.0,,,,,,,,,,
nominal_control,control,1013,projected_queue_observation_only,-46.6,10.0,96.0,0.0,,,,,,,,,,
nominal_control,control,1014,projected_queue_observation_only,-55.82,11.0,96.0,0.0,,,,,,,,,,
nominal_control,control,1015,projected_queue_observation_only,-46.96,10.0,96.0,0.0,,,,,,,,,,
nominal_control,control,1016,projected_queue_observation_only,-55.46,11.0,96.0,0.0,,,,,,,,,,
nominal_control,control,1017,projected_queue_observation_only,-57.8,11.0,96.0,0.0,,,,,,,,,,
nominal_control,control,1018,projected_queue_observation_only,-50.48,10.0,95.0,0.0,,,,,,,,,,
nominal_control,control,1019,projected_queue_observation_only,-51.12,10.0,94.0,0.0,,,,,,,,,,
nominal_control,control,1020,projected_queue_observation_only,-58.16,11.0,96.0,0.0,,,,,,,,,,
nominal_control,control,1021,projected_queue_observation_only,-47.42,10.0,95.0,0.0,,,,,,,,,,
nominal_control,control,1022,projected_queue_observation_only,-50.12,10.0,95.0,0.0,,,,,,,,,,
nominal_control,control,1023,projected_queue_observation_only,-67.48,12.0,95.0,0.0,,,,,,,,,,
nominal_control,control,1024,projected_queue_observation_only,-55.46,11.0,96.0,0.0,,,,,,,,,,
nominal_control,control,1025,projected_queue_observation_only,-64.32,12.0,96.0,0.0,,,,,,,,,,
nominal_control,control,1026,projected_queue_observation_only,-56.28,11.0,95.0,0.0,,,,,,,,,,
nominal_control,control,1027,projected_queue_observation_only,-47.42,10.0,95.0,0.0,,,,,,,,,,
nominal_control,control,1028,projected_queue_observation_only,-72.46,13.0,96.0,0.0,,,,,,,,,,
nominal_control,control,1029,projected_queue_observation_only,-55.46,11.0,96.0,0.0,,,,,,,,,,
nominal_control,control,1030,projected_queue_observation_only,-68.48,12.0,94.0,0.0,,,,,,,,,,
nominal_control,control,1031,projected_queue_observation_only,-66.48,12.0,96.0,0.0,,,,,,,,,,
nominal_control,control,1032,projected_queue_observation_only,-58.16,11.0,96.0,0.0,,,,,,,,,,
nominal_control,control,1033,projected_queue_observation_only,-64.32,12.0,96.0,0.0,,,,,,,,,,
nominal_control,control,1034,projected_queue_observation_only,-72.46,13.0,96.0,0.0,,,,,,,,,,
nominal_control,control,1035,projected_queue_observation_only,-57.46,11.0,94.0,0.0,,,,,,,,,,
nominal_control,control,1036,projected_queue_observation_only,-51.12,10.0,94.0,0.0,,,,,,,,,,
nominal_control,control,1037,projected_queue_observation_only,-68.48,12.0,94.0,0.0,,,,,,,,,,
nominal_control,control,1038,projected_queue_observation_only,-60.16,11.0,94.0,0.0,,,,,,,,,,
nominal_control,control,1039,projected_queue_observation_only,-55.46,11.0,96.0,0.0,,,,,,,,,,
nominal_control,control,1000,dqn_ensemble_vote_gate_1,-56.64,11.0,95.0,0.0,,,,,,,,,,
nominal_control,control,1001,dqn_ensemble_vote_gate_1,-58.16,11.0,96.0,0.0,,,,,,,,,,
nominal_control,control,1002,dqn_ensemble_vote_gate_1,-63.96,12.0,96.0,0.0,,,,,,,,,,
nominal_control,control,1003,dqn_ensemble_vote_gate_1,-60.16,11.0,94.0,0.0,,,,,,,,,,
nominal_control,control,1004,dqn_ensemble_vote_gate_1,-47.42,10.0,95.0,0.0,,,,,,,,,,
nominal_control,control,1005,dqn_ensemble_vote_gate_1,-68.48,12.0,94.0,0.0,,,,,,,,,,
nominal_control,control,1006,dqn_ensemble_vote_gate_1,-46.96,10.0,96.0,0.0,,,,,,,,,,
nominal_control,control,1007,dqn_ensemble_vote_gate_1,-57.46,11.0,94.0,0.0,,,,,,,,,,
nominal_control,control,1008,dqn_ensemble_vote_gate_1,-60.16,11.0,94.0,0.0,,,,,,,,,,
nominal_control,control,1009,dqn_ensemble_vote_gate_1,-56.28,11.0,95.0,0.0,,,,,,,,,,
nominal_control,control,1010,dqn_ensemble_vote_gate_1,-55.46,11.0,96.0,0.0,,,,,,,,,,
nominal_control,control,1011,dqn_ensemble_vote_gate_1,-51.12,10.0,94.0,0.0,,,,,,,,,,
nominal_control,control,1012,dqn_ensemble_vote_gate_1,-47.42,10.0,95.0,0.0,,,,,,,,,,
nominal_control,control,1013,dqn_ensemble_vote_gate_1,-46.6,10.0,96.0,0.0,,,,,,,,,,
nominal_control,control,1014,dqn_ensemble_vote_gate_1,-55.82,11.0,96.0,0.0,,,,,,,,,,
nominal_control,control,1015,dqn_ensemble_vote_gate_1,-46.96,10.0,96.0,0.0,,,,,,,,,,
nominal_control,control,1016,dqn_ensemble_vote_gate_1,-55.46,11.0,96.0,0.0,,,,,,,,,,
nominal_control,control,1017,dqn_ensemble_vote_gate_1,-57.8,11.0,96.0,0.0,,,,,,,,,,
nominal_control,control,1018,dqn_ensemble_vote_gate_1,-50.48,10.0,95.0,0.0,,,,,,,,,,
nominal_control,control,1019,dqn_ensemble_vote_gate_1,-51.12,10.0,94.0,0.0,,,,,,,,,,
nominal_control,control,1020,dqn_ensemble_vote_gate_1,-58.16,11.0,96.0,0.0,,,,,,,,,,
nominal_control,control,1021,dqn_ensemble_vote_gate_1,-47.42,10.0,95.0,0.0,,,,,,,,,,
nominal_control,control,1022,dqn_ensemble_vote_gate_1,-50.12,10.0,95.0,0.0,,,,,,,,,,
nominal_control,control,1023,dqn_ensemble_vote_gate_1,-67.48,12.0,95.0,0.0,,,,,,,,,,
nominal_control,control,1024,dqn_ensemble_vote_gate_1,-55.46,11.0,96.0,0.0,,,,,,,,,,
nominal_control,control,1025,dqn_ensemble_vote_gate_1,-64.32,12.0,96.0,0.0,,,,,,,,,,
nominal_control,control,1026,dqn_ensemble_vote_gate_1,-56.28,11.0,95.0,0.0,,,,,,,,,,
nominal_control,control,1027,dqn_ensemble_vote_gate_1,-47.42,10.0,95.0,0.0,,,,,,,,,,
nominal_control,control,1028,dqn_ensemble_vote_gate_1,-72.46,13.0,96.0,0.0,,,,,,,,,,
nominal_control,control,1029,dqn_ensemble_vote_gate_1,-55.46,11.0,96.0,0.0,,,,,,,,,,
nominal_control,control,1030,dqn_ensemble_vote_gate_1,-68.48,12.0,94.0,0.0,,,,,,,,,,
nominal_control,control,1031,dqn_ensemble_vote_gate_1,-66.48,12.0,96.0,0.0,,,,,,,,,,
nominal_control,control,1032,dqn_ensemble_vote_gate_1,-58.16,11.0,96.0,0.0,,,,,,,,,,
nominal_control,control,1033,dqn_ensemble_vote_gate_1,-64.32,12.0,96.0,0.0,,,,,,,,,,
nominal_control,control,1034,dqn_ensemble_vote_gate_1,-72.46,13.0,96.0,0.0,,,,,,,,,,
nominal_control,control,1035,dqn_ensemble_vote_gate_1,-57.46,11.0,94.0,0.0,,,,,,,,,,
nominal_control,control,1036,dqn_ensemble_vote_gate_1,-51.12,10.0,94.0,0.0,,,,,,,,,,
nominal_control,control,1037,dqn_ensemble_vote_gate_1,-68.48,12.0,94.0,0.0,,,,,,,,,,
nominal_control,control,1038,dqn_ensemble_vote_gate_1,-60.16,11.0,94.0,0.0,,,,,,,,,,
nominal_control,control,1039,dqn_ensemble_vote_gate_1,-55.46,11.0,96.0,0.0,,,,,,,,,,
nominal_control,control,1000,nominal_support_then_dqn_unanimity_else_projected_queue,-56.64,11.0,95.0,0.0,0.0,0.229166667,0.229166667,0.770833333,0.0,0.0,0.0,0.0,0.0,0.0
nominal_control,control,1001,nominal_support_then_dqn_unanimity_else_projected_queue,-58.16,11.0,96.0,0.0,0.0,0.125,0.125,0.875,0.004166666,0.099999994,0.0,0.0,0.0,0.0
nominal_control,control,1002,nominal_support_then_dqn_unanimity_else_projected_queue,-63.96,12.0,96.0,0.0,0.0,0.125,0.125,0.875,0.0,0.0,0.0,0.0,0.0,0.0
nominal_control,control,1003,nominal_support_then_dqn_unanimity_else_projected_queue,-60.16,11.0,94.0,0.0,0.0,0.229166667,0.229166667,0.770833333,0.0,0.0,0.0,0.0,0.0,0.0
nominal_control,control,1004,nominal_support_then_dqn_unanimity_else_projected_queue,-47.42,10.0,95.0,0.0,0.0,0.229166667,0.229166667,0.770833333,0.0,0.0,0.0,0.0,0.0,0.0
nominal_control,control,1005,nominal_support_then_dqn_unanimity_else_projected_queue,-68.48,12.0,94.0,0.0,0.0,0.104166667,0.104166667,0.895833333,0.004166666,0.099999994,0.0,0.0,0.0,0.0
nominal_control,control,1006,nominal_support_then_dqn_unanimity_else_projected_queue,-46.96,10.0,96.0,0.0,0.0,0.229166667,0.229166667,0.770833333,0.0,0.0,0.0,0.0,0.0,0.0
nominal_control,control,1007,nominal_support_then_dqn_unanimity_else_projected_queue,-57.46,11.0,94.0,0.0,0.0,0.229166667,0.229166667,0.770833333,0.0,0.0,0.0,0.0,0.0,0.0
nominal_control,control,1008,nominal_support_then_dqn_unanimity_else_projected_queue,-60.16,11.0,94.0,0.0,0.0,0.229166667,0.229166667,0.770833333,0.0,0.0,0.0,0.0,0.0,0.0
nominal_control,control,1009,nominal_support_then_dqn_unanimity_else_projected_queue,-56.28,11.0,95.0,0.0,0.0,0.1875,0.1875,0.8125,0.0,0.0,0.0,0.0,0.0,0.0
nominal_control,control,1010,nominal_support_then_dqn_unanimity_else_projected_queue,-55.46,11.0,96.0,0.0,0.0,0.1875,0.1875,0.8125,0.0,0.0,0.0,0.0,0.0,0.0
nominal_control,control,1011,nominal_support_then_dqn_unanimity_else_projected_queue,-51.12,10.0,94.0,0.0,0.0,0.1875,0.1875,0.8125,0.0,0.0,0.0,0.0,0.0,0.0
nominal_control,control,1012,nominal_support_then_dqn_unanimity_else_projected_queue,-47.42,10.0,95.0,0.0,0.0,0.229166667,0.229166667,0.770833333,0.0,0.0,0.0,0.0,0.0,0.0
nominal_control,control,1013,nominal_support_then_dqn_unanimity_else_projected_queue,-46.6,10.0,96.0,0.0,0.0,0.208333333,0.208333333,0.791666667,0.0,0.0,0.0,0.0,0.0,0.0
nominal_control,control,1014,nominal_support_then_dqn_unanimity_else_projected_queue,-55.82,11.0,96.0,0.0,0.0,0.125,0.125,0.875,0.004166666,0.099999994,0.0,0.0,0.0,0.0
nominal_control,control,1015,nominal_support_then_dqn_unanimity_else_projected_queue,-46.96,10.0,96.0,0.0,0.0,0.229166667,0.229166667,0.770833333,0.0,0.0,0.0,0.0,0.0,0.0
nominal_control,control,1016,nominal_support_then_dqn_unanimity_else_projected_queue,-55.46,11.0,96.0,0.0,0.0,0.1875,0.1875,0.8125,0.0,0.0,0.0,0.0,0.0,0.0
nominal_control,control,1017,nominal_support_then_dqn_unanimity_else_projected_queue,-57.8,11.0,96.0,0.0,0.0,0.166666667,0.166666667,0.833333333,0.0,0.0,0.0,0.0,0.0,0.0
nominal_control,control,1018,nominal_support_then_dqn_unanimity_else_projected_queue,-50.48,10.0,95.0,0.0,0.0,0.229166667,0.229166667,0.770833333,0.002083333,0.100000001,0.0,0.0,0.0,0.0
nominal_control,control,1019,nominal_support_then_dqn_unanimity_else_projected_queue,-51.12,10.0,94.0,0.0,0.0,0.1875,0.1875,0.8125,0.0,0.0,0.0,0.0,0.0,0.0
nominal_control,control,1020,nominal_support_then_dqn_unanimity_else_projected_queue,-58.16,11.0,96.0,0.0,0.0,0.125,0.125,0.875,0.004166666,0.099999994,0.0,0.0,0.0,0.0
nominal_control,control,1021,nominal_support_then_dqn_unanimity_else_projected_queue,-47.42,10.0,95.0,0.0,0.0,0.208333333,0.208333333,0.791666667,0.002083333,0.100000001,0.0,0.0,0.0,0.0
nominal_control,control,1022,nominal_support_then_dqn_unanimity_else_projected_queue,-50.12,10.0,95.0,0.0,0.0,0.229166667,0.229166667,0.770833333,0.0,0.0,0.0,0.0,0.0,0.0
nominal_control,control,1023,nominal_support_then_dqn_unanimity_else_projected_queue,-67.48,12.0,95.0,0.0,0.0,0.104166667,0.104166667,0.895833333,0.004166666,0.099999994,0.0,0.0,0.0,0.0
nominal_control,control,1024,nominal_support_then_dqn_unanimity_else_projected_queue,-55.46,11.0,96.0,0.0,0.0,0.1875,0.1875,0.8125,0.0,0.0,0.0,0.0,0.0,0.0
nominal_control,control,1025,nominal_support_then_dqn_unanimity_else_projected_queue,-64.32,12.0,96.0,0.0,0.0,0.208333333,0.208333333,0.791666667,0.0,0.0,0.0,0.0,0.0,0.0
nominal_control,control,1026,nominal_support_then_dqn_unanimity_else_projected_queue,-56.28,11.0,95.0,0.0,0.0,0.1875,0.1875,0.8125,0.0,0.0,0.0,0.0,0.0,0.0
nominal_control,control,1027,nominal_support_then_dqn_unanimity_else_projected_queue,-47.42,10.0,95.0,0.0,0.0,0.229166667,0.229166667,0.770833333,0.0,0.0,0.0,0.0,0.0,0.0
nominal_control,control,1028,nominal_support_then_dqn_unanimity_else_projected_queue,-72.46,13.0,96.0,0.0,0.0,0.083333333,0.083333333,0.916666667,0.006249999,0.100000001,0.0,0.0,0.0,0.0
nominal_control,control,1029,nominal_support_then_dqn_unanimity_else_projected_queue,-55.46,11.0,96.0,0.0,0.0,0.166666667,0.166666667,0.833333333,0.0,0.0,0.0,0.0,0.0,0.0
nominal_control,control,1030,nominal_support_then_dqn_unanimity_else_projected_queue,-68.48,12.0,94.0,0.0,0.0,0.104166667,0.104166667,0.895833333,0.004166666,0.099999994,0.0,0.0,0.0,0.0
nominal_control,control,1031,nominal_support_then_dqn_unanimity_else_projected_queue,-66.48,12.0,96.0,0.0,0.0,0.208333333,0.208333333,0.791666667,0.0,0.0,0.0,0.0,0.0,0.0
nominal_control,control,1032,nominal_support_then_dqn_unanimity_else_projected_queue,-58.16,11.0,96.0,0.0,0.0,0.229166667,0.229166667,0.770833333,0.0,0.0,0.0,0.0,0.0,0.0
nominal_control,control,1033,nominal_support_then_dqn_unanimity_else_projected_queue,-64.32,12.0,96.0,0.0,0.0,0.208333333,0.208333333,0.791666667,0.0,0.0,0.0,0.0,0.0,0.0
nominal_control,control,1034,nominal_support_then_dqn_unanimity_else_projected_queue,-72.46,13.0,96.0,0.0,0.0,0.083333333,0.083333333,0.916666667,0.006249999,0.100000001,0.0,0.0,0.0,0.0
nominal_control,control,1035,nominal_support_then_dqn_unanimity_else_projected_queue,-57.46,11.0,94.0,0.0,0.0,0.229166667,0.229166667,0.770833333,0.0,0.0,0.0,0.0,0.0,0.0
nominal_control,control,1036,nominal_support_then_dqn_unanimity_else_projected_queue,-51.12,10.0,94.0,0.0,0.0,0.1875,0.1875,0.8125,0.0,0.0,0.0,0.0,0.0,0.0
nominal_control,control,1037,nominal_support_then_dqn_unanimity_else_projected_queue,-68.48,12.0,94.0,0.0,0.0,0.104166667,0.104166667,0.895833333,0.004166666,0.099999994,0.0,0.0,0.0,0.0
nominal_control,control,1038,nominal_support_then_dqn_unanimity_else_projected_queue,-60.16,11.0,94.0,0.0,0.0,0.229166667,0.229166667,0.770833333,0.0,0.0,0.0,0.0,0.0,0.0
nominal_control,control,1039,nominal_support_then_dqn_unanimity_else_projected_queue,-55.46,11.0,96.0,0.0,0.0,0.166666667,0.166666667,0.833333333,0.0,0.0,0.0,0.0,0.0,0.0
bursty_arrivals,declared_shift,1000,projected_queue_observation_only,-61.64,12.0,94.0,0.0,,,,,,,,,,
bursty_arrivals,declared_shift,1001,projected_queue_observation_only,-62.16,12.0,96.0,0.0,,,,,,,,,,
bursty_arrivals,declared_shift,1002,projected_queue_observation_only,-60.0,12.0,96.0,0.0,,,,,,,,,,
bursty_arrivals,declared_shift,1003,projected_queue_observation_only,-64.16,12.0,94.0,0.0,,,,,,,,,,
bursty_arrivals,declared_shift,1004,projected_queue_observation_only,-43.46,10.0,95.0,0.0,,,,,,,,,,
bursty_arrivals,declared_shift,1005,projected_queue_observation_only,-71.76,13.0,94.0,0.0,,,,,,,,,,
bursty_arrivals,declared_shift,1006,projected_queue_observation_only,-51.96,11.0,95.0,0.0,,,,,,,,,,
bursty_arrivals,declared_shift,1007,projected_queue_observation_only,-62.64,12.0,93.0,0.0,,,,,,,,,,
bursty_arrivals,declared_shift,1008,projected_queue_observation_only,-64.16,12.0,94.0,0.0,,,,,,,,,,
bursty_arrivals,declared_shift,1009,projected_queue_observation_only,-51.96,11.0,95.0,0.0,,,,,,,,,,
bursty_arrivals,declared_shift,1010,projected_queue_observation_only,-51.14,11.0,96.0,0.0,,,,,,,,,,
bursty_arrivals,declared_shift,1011,projected_queue_observation_only,-55.84,11.0,94.0,0.0,,,,,,,,,,
bursty_arrivals,declared_shift,1012,projected_queue_observation_only,-43.46,10.0,95.0,0.0,,,,,,,,,,
bursty_arrivals,declared_shift,1013,projected_queue_observation_only,-61.64,12.0,94.0,0.0,,,,,,,,,,
bursty_arrivals,declared_shift,1014,projected_queue_observation_only,-51.14,11.0,96.0,0.0,,,,,,,,,,
bursty_arrivals,declared_shift,1015,projected_queue_observation_only,-51.96,11.0,95.0,0.0,,,,,,,,,,
bursty_arrivals,declared_shift,1016,projected_queue_observation_only,-51.14,11.0,96.0,0.0,,,,,,,,,,
bursty_arrivals,declared_shift,1017,projected_queue_observation_only,-62.16,12.0,96.0,0.0,,,,,,,,,,
bursty_arrivals,declared_shift,1018,projected_queue_observation_only,-54.48,11.0,95.0,0.0,,,,,,,,,,
bursty_arrivals,declared_shift,1019,projected_queue_observation_only,-55.84,11.0,94.0,0.0,,,,,,,,,,
bursty_arrivals,declared_shift,1020,projected_queue_observation_only,-62.16,12.0,96.0,0.0,,,,,,,,,,
bursty_arrivals,declared_shift,1021,projected_queue_observation_only,-53.14,11.0,94.0,0.0,,,,,,,,,,
bursty_arrivals,declared_shift,1022,projected_queue_observation_only,-45.16,10.0,96.0,0.0,,,,,,,,,,
bursty_arrivals,declared_shift,1023,projected_queue_observation_only,-70.76,13.0,95.0,0.0,,,,,,,,,,
bursty_arrivals,declared_shift,1024,projected_queue_observation_only,-51.14,11.0,96.0,0.0,,,,,,,,,,
bursty_arrivals,declared_shift,1025,projected_queue_observation_only,-60.0,12.0,96.0,0.0,,,,,,,,,,
bursty_arrivals,declared_shift,1026,projected_queue_observation_only,-51.96,11.0,95.0,0.0,,,,,,,,,,
bursty_arrivals,declared_shift,1027,projected_queue_observation_only,-43.46,10.0,95.0,0.0,,,,,,,,,,
bursty_arrivals,declared_shift,1028,projected_queue_observation_only,-67.78,13.0,96.0,0.0,,,,,,,,,,
bursty_arrivals,declared_shift,1029,projected_queue_observation_only,-60.82,12.0,95.0,0.0,,,,,,,,,,
bursty_arrivals,declared_shift,1030,projected_queue_observation_only,-71.76,13.0,94.0,0.0,,,,,,,,,,
bursty_arrivals,declared_shift,1031,projected_queue_observation_only,-69.76,13.0,96.0,0.0,,,,,,,,,,
bursty_arrivals,declared_shift,1032,projected_queue_observation_only,-62.16,12.0,96.0,0.0,,,,,,,,,,
bursty_arrivals,declared_shift,1033,projected_queue_observation_only,-60.0,12.0,96.0,0.0,,,,,,,,,,
bursty_arrivals,declared_shift,1034,projected_queue_observation_only,-67.78,13.0,96.0,0.0,,,,,,,,,,
bursty_arrivals,declared_shift,1035,projected_queue_observation_only,-62.64,12.0,93.0,0.0,,,,,,,,,,
bursty_arrivals,declared_shift,1036,projected_queue_observation_only,-55.84,11.0,94.0,0.0,,,,,,,,,,
bursty_arrivals,declared_shift,1037,projected_queue_observation_only,-71.76,13.0,94.0,0.0,,,,,,,,,,
bursty_arrivals,declared_shift,1038,projected_queue_observation_only,-64.16,12.0,94.0,0.0,,,,,,,,,,
bursty_arrivals,declared_shift,1039,projected_queue_observation_only,-60.82,12.0,95.0,0.0,,,,,,,,,,
bursty_arrivals,declared_shift,1000,dqn_ensemble_vote_gate_1,-61.64,12.0,94.0,0.0,,,,,,,,,,
bursty_arrivals,declared_shift,1001,dqn_ensemble_vote_gate_1,-62.16,12.0,96.0,0.0,,,,,,,,,,
bursty_arrivals,declared_shift,1002,dqn_ensemble_vote_gate_1,-60.0,12.0,96.0,0.0,,,,,,,,,,
bursty_arrivals,declared_shift,1003,dqn_ensemble_vote_gate_1,-64.16,12.0,94.0,0.0,,,,,,,,,,
bursty_arrivals,declared_shift,1004,dqn_ensemble_vote_gate_1,-43.46,10.0,95.0,0.0,,,,,,,,,,
bursty_arrivals,declared_shift,1005,dqn_ensemble_vote_gate_1,-72.12,13.0,94.0,0.0,,,,,,,,,,
bursty_arrivals,declared_shift,1006,dqn_ensemble_vote_gate_1,-52.32,11.0,95.0,0.0,,,,,,,,,,
bursty_arrivals,declared_shift,1007,dqn_ensemble_vote_gate_1,-62.64,12.0,93.0,0.0,,,,,,,,,,
bursty_arrivals,declared_shift,1008,dqn_ensemble_vote_gate_1,-64.16,12.0,94.0,0.0,,,,,,,,,,
bursty_arrivals,declared_shift,1009,dqn_ensemble_vote_gate_1,-42.64,10.0,96.0,0.0,,,,,,,,,,
bursty_arrivals,declared_shift,1010,dqn_ensemble_vote_gate_1,-51.5,11.0,96.0,0.0,,,,,,,,,,
bursty_arrivals,declared_shift,1011,dqn_ensemble_vote_gate_1,-55.84,11.0,94.0,0.0,,,,,,,,,,
bursty_arrivals,declared_shift,1012,dqn_ensemble_vote_gate_1,-43.46,10.0,95.0,0.0,,,,,,,,,,
bursty_arrivals,declared_shift,1013,dqn_ensemble_vote_gate_1,-61.64,12.0,94.0,0.0,,,,,,,,,,
bursty_arrivals,declared_shift,1014,dqn_ensemble_vote_gate_1,-51.5,11.0,96.0,0.0,,,,,,,,,,
bursty_arrivals,declared_shift,1015,dqn_ensemble_vote_gate_1,-52.32,11.0,95.0,0.0,,,,,,,,,,
bursty_arrivals,declared_shift,1016,dqn_ensemble_vote_gate_1,-51.5,11.0,96.0,0.0,,,,,,,,,,
bursty_arrivals,declared_shift,1017,dqn_ensemble_vote_gate_1,-62.16,12.0,96.0,0.0,,,,,,,,,,
bursty_arrivals,declared_shift,1018,dqn_ensemble_vote_gate_1,-54.84,11.0,95.0,0.0,,,,,,,,,,
bursty_arrivals,declared_shift,1019,dqn_ensemble_vote_gate_1,-55.84,11.0,94.0,0.0,,,,,,,,,,
bursty_arrivals,declared_shift,1020,dqn_ensemble_vote_gate_1,-62.16,12.0,96.0,0.0,,,,,,,,,,
bursty_arrivals,declared_shift,1021,dqn_ensemble_vote_gate_1,-53.14,11.0,94.0,0.0,,,,,,,,,,
bursty_arrivals,declared_shift,1022,dqn_ensemble_vote_gate_1,-45.16,10.0,96.0,0.0,,,,,,,,,,
bursty_arrivals,declared_shift,1023,dqn_ensemble_vote_gate_1,-71.12,13.0,95.0,0.0,,,,,,,,,,
bursty_arrivals,declared_shift,1024,dqn_ensemble_vote_gate_1,-51.5,11.0,96.0,0.0,,,,,,,,,,
bursty_arrivals,declared_shift,1025,dqn_ensemble_vote_gate_1,-60.0,12.0,96.0,0.0,,,,,,,,,,
bursty_arrivals,declared_shift,1026,dqn_ensemble_vote_gate_1,-42.64,10.0,96.0,0.0,,,,,,,,,,
bursty_arrivals,declared_shift,1027,dqn_ensemble_vote_gate_1,-43.46,10.0,95.0,0.0,,,,,,,,,,
bursty_arrivals,declared_shift,1028,dqn_ensemble_vote_gate_1,-68.14,13.0,96.0,0.0,,,,,,,,,,
bursty_arrivals,declared_shift,1029,dqn_ensemble_vote_gate_1,-60.82,12.0,95.0,0.0,,,,,,,,,,
bursty_arrivals,declared_shift,1030,dqn_ensemble_vote_gate_1,-72.12,13.0,94.0,0.0,,,,,,,,,,
bursty_arrivals,declared_shift,1031,dqn_ensemble_vote_gate_1,-70.12,13.0,96.0,0.0,,,,,,,,,,
bursty_arrivals,declared_shift,1032,dqn_ensemble_vote_gate_1,-62.16,12.0,96.0,0.0,,,,,,,,,,
bursty_arrivals,declared_shift,1033,dqn_ensemble_vote_gate_1,-60.0,12.0,96.0,0.0,,,,,,,,,,
bursty_arrivals,declared_shift,1034,dqn_ensemble_vote_gate_1,-68.14,13.0,96.0,0.0,,,,,,,,,,
bursty_arrivals,declared_shift,1035,dqn_ensemble_vote_gate_1,-62.64,12.0,93.0,0.0,,,,,,,,,,
bursty_arrivals,declared_shift,1036,dqn_ensemble_vote_gate_1,-55.84,11.0,94.0,0.0,,,,,,,,,,
bursty_arrivals,declared_shift,1037,dqn_ensemble_vote_gate_1,-72.12,13.0,94.0,0.0,,,,,,,,,,
bursty_arrivals,declared_shift,1038,dqn_ensemble_vote_gate_1,-64.16,12.0,94.0,0.0,,,,,,,,,,
bursty_arrivals,declared_shift,1039,dqn_ensemble_vote_gate_1,-60.82,12.0,95.0,0.0,,,,,,,,,,
bursty_arrivals,declared_shift,1000,nominal_support_then_dqn_unanimity_else_projected_queue,-61.64,12.0,94.0,0.0,0.0,0.354166667,0.354166667,0.645833333,0.099999998,0.100000001,0.0,0.0,0.0,0.0
bursty_arrivals,declared_shift,1001,nominal_support_then_dqn_unanimity_else_projected_queue,-62.16,12.0,96.0,0.0,0.0,0.3125,0.3125,0.6875,0.099999998,0.100000001,0.0,0.0,0.0,0.0
bursty_arrivals,declared_shift,1002,nominal_support_then_dqn_unanimity_else_projected_queue,-60.0,12.0,96.0,0.0,0.041666667,0.229166667,0.270833333,0.729166667,0.101725887,0.141421348,0.0,0.0,0.0,0.0
bursty_arrivals,declared_shift,1003,nominal_support_then_dqn_unanimity_else_projected_queue,-64.16,12.0,94.0,0.0,0.0,0.333333333,0.333333333,0.666666667,0.099999998,0.100000001,0.0,0.0,0.0,0.0
bursty_arrivals,declared_shift,1004,nominal_support_then_dqn_unanimity_else_projected_queue,-43.46,10.0,95.0,0.0,0.0,0.291666667,0.291666667,0.708333333,0.099999998,0.100000001,0.0,0.0,0.0,0.0
bursty_arrivals,declared_shift,1005,nominal_support_then_dqn_unanimity_else_projected_queue,-72.12,13.0,94.0,0.0,0.0,0.291666667,0.291666667,0.708333333,0.099999998,0.100000001,-0.36,0.0,0.0,0.0
bursty_arrivals,declared_shift,1006,nominal_support_then_dqn_unanimity_else_projected_queue,-52.32,11.0,95.0,0.0,0.020833333,0.25,0.270833333,0.729166667,0.100862943,0.141421348,-0.36,0.0,0.0,0.0
bursty_arrivals,declared_shift,1007,nominal_support_then_dqn_unanimity_else_projected_queue,-62.64,12.0,93.0,0.0,0.0,0.354166667,0.354166667,0.645833333,0.099999998,0.100000001,0.0,0.0,0.0,0.0
bursty_arrivals,declared_shift,1008,nominal_support_then_dqn_unanimity_else_projected_queue,-64.16,12.0,94.0,0.0,0.0,0.333333333,0.333333333,0.666666667,0.099999998,0.100000001,0.0,0.0,0.0,0.0
bursty_arrivals,declared_shift,1009,nominal_support_then_dqn_unanimity_else_projected_queue,-42.64,10.0,96.0,0.0,0.0,0.291666667,0.291666667,0.708333333,0.099999998,0.100000001,9.32,-1.0,0.0,0.0
bursty_arrivals,declared_shift,1010,nominal_support_then_dqn_unanimity_else_projected_queue,-51.5,11.0,96.0,0.0,0.0,0.270833333,0.270833333,0.729166667,0.099999998,0.100000001,-0.36,0.0,0.0,0.0
bursty_arrivals,declared_shift,1011,nominal_support_then_dqn_unanimity_else_projected_queue,-55.84,11.0,94.0,0.0,0.0,0.3125,0.3125,0.6875,0.099999998,0.100000001,0.0,0.0,0.0,0.0
bursty_arrivals,declared_shift,1012,nominal_support_then_dqn_unanimity_else_projected_queue,-43.46,10.0,95.0,0.0,0.0,0.291666667,0.291666667,0.708333333,0.099999998,0.100000001,0.0,0.0,0.0,0.0
bursty_arrivals,declared_shift,1013,nominal_support_then_dqn_unanimity_else_projected_queue,-61.64,12.0,94.0,0.0,0.0,0.354166667,0.354166667,0.645833333,0.099999998,0.100000001,0.0,0.0,0.0,0.0
bursty_arrivals,declared_shift,1014,nominal_support_then_dqn_unanimity_else_projected_queue,-51.5,11.0,96.0,0.0,0.0,0.25,0.25,0.75,0.099999998,0.100000001,-0.36,0.0,0.0,0.0
bursty_arrivals,declared_shift,1015,nominal_support_then_dqn_unanimity_else_projected_queue,-52.32,11.0,95.0,0.0,0.020833333,0.25,0.270833333,0.729166667,0.100862943,0.141421348,-0.36,0.0,0.0,0.0
bursty_arrivals,declared_shift,1016,nominal_support_then_dqn_unanimity_else_projected_queue,-51.5,11.0,96.0,0.0,0.0,0.270833333,0.270833333,0.729166667,0.099999998,0.100000001,-0.36,0.0,0.0,0.0
bursty_arrivals,declared_shift,1017,nominal_support_then_dqn_unanimity_else_projected_queue,-62.16,12.0,96.0,0.0,0.041666667,0.229166667,0.270833333,0.729166667,0.101725887,0.141421348,0.0,0.0,0.0,0.0
bursty_arrivals,declared_shift,1018,nominal_support_then_dqn_unanimity_else_projected_queue,-54.84,11.0,95.0,0.0,0.020833333,0.270833333,0.291666667,0.708333333,0.100862943,0.141421348,-0.36,0.0,0.0,0.0
bursty_arrivals,declared_shift,1019,nominal_support_then_dqn_unanimity_else_projected_queue,-55.84,11.0,94.0,0.0,0.0,0.3125,0.3125,0.6875,0.099999998,0.100000001,0.0,0.0,0.0,0.0
bursty_arrivals,declared_shift,1020,nominal_support_then_dqn_unanimity_else_projected_queue,-62.16,12.0,96.0,0.0,0.0,0.3125,0.3125,0.6875,0.099999998,0.100000001,0.0,0.0,0.0,0.0
bursty_arrivals,declared_shift,1021,nominal_support_then_dqn_unanimity_else_projected_queue,-53.14,11.0,94.0,0.0,0.020833333,0.3125,0.333333333,0.666666667,0.100862943,0.141421363,0.0,0.0,0.0,0.0
bursty_arrivals,declared_shift,1022,nominal_support_then_dqn_unanimity_else_projected_queue,-45.16,10.0,96.0,0.0,0.0,0.3125,0.3125,0.6875,0.099999998,0.100000001,0.0,0.0,0.0,0.0
bursty_arrivals,declared_shift,1023,nominal_support_then_dqn_unanimity_else_projected_queue,-71.12,13.0,95.0,0.0,0.0,0.291666667,0.291666667,0.708333333,0.099999998,0.100000001,-0.36,0.0,0.0,0.0
bursty_arrivals,declared_shift,1024,nominal_support_then_dqn_unanimity_else_projected_queue,-51.5,11.0,96.0,0.0,0.0,0.270833333,0.270833333,0.729166667,0.099999998,0.100000001,-0.36,0.0,0.0,0.0
bursty_arrivals,declared_shift,1025,nominal_support_then_dqn_unanimity_else_projected_queue,-60.0,12.0,96.0,0.0,0.041666667,0.208333333,0.25,0.75,0.101725887,0.141421348,0.0,0.0,0.0,0.0
bursty_arrivals,declared_shift,1026,nominal_support_then_dqn_unanimity_else_projected_queue,-42.64,10.0,96.0,0.0,0.0,0.291666667,0.291666667,0.708333333,0.099999998,0.100000001,9.32,-1.0,0.0,0.0
bursty_arrivals,declared_shift,1027,nominal_support_then_dqn_unanimity_else_projected_queue,-43.46,10.0,95.0,0.0,0.0,0.291666667,0.291666667,0.708333333,0.099999998,0.100000001,0.0,0.0,0.0,0.0
bursty_arrivals,declared_shift,1028,nominal_support_then_dqn_unanimity_else_projected_queue,-68.14,13.0,96.0,0.0,0.020833333,0.25,0.270833333,0.729166667,0.100862943,0.141421363,-0.36,0.0,0.0,0.0
bursty_arrivals,declared_shift,1029,nominal_support_then_dqn_unanimity_else_projected_queue,-60.82,12.0,95.0,0.0,0.041666667,0.208333333,0.25,0.75,0.101725887,0.141421348,0.0,0.0,0.0,0.0
bursty_arrivals,declared_shift,1030,nominal_support_then_dqn_unanimity_else_projected_queue,-72.12,13.0,94.0,0.0,0.0,0.291666667,0.291666667,0.708333333,0.099999998,0.100000001,-0.36,0.0,0.0,0.0
bursty_arrivals,declared_shift,1031,nominal_support_then_dqn_unanimity_else_projected_queue,-70.12,13.0,96.0,0.0,0.0,0.270833333,0.270833333,0.729166667,0.099999998,0.100000001,-0.36,0.0,0.0,0.0
bursty_arrivals,declared_shift,1032,nominal_support_then_dqn_unanimity_else_projected_queue,-62.16,12.0,96.0,0.0,0.0,0.333333333,0.333333333,0.666666667,0.099999998,0.100000001,0.0,0.0,0.0,0.0
bursty_arrivals,declared_shift,1033,nominal_support_then_dqn_unanimity_else_projected_queue,-60.0,12.0,96.0,0.0,0.041666667,0.208333333,0.25,0.75,0.101725887,0.141421348,0.0,0.0,0.0,0.0
bursty_arrivals,declared_shift,1034,nominal_support_then_dqn_unanimity_else_projected_queue,-68.14,13.0,96.0,0.0,0.020833333,0.25,0.270833333,0.729166667,0.100862943,0.141421363,-0.36,0.0,0.0,0.0
bursty_arrivals,declared_shift,1035,nominal_support_then_dqn_unanimity_else_projected_queue,-62.64,12.0,93.0,0.0,0.0,0.354166667,0.354166667,0.645833333,0.099999998,0.100000001,0.0,0.0,0.0,0.0
bursty_arrivals,declared_shift,1036,nominal_support_then_dqn_unanimity_else_projected_queue,-55.84,11.0,94.0,0.0,0.0,0.3125,0.3125,0.6875,0.099999998,0.100000001,0.0,0.0,0.0,0.0
bursty_arrivals,declared_shift,1037,nominal_support_then_dqn_unanimity_else_projected_queue,-72.12,13.0,94.0,0.0,0.0,0.291666667,0.291666667,0.708333333,0.099999998,0.100000001,-0.36,0.0,0.0,0.0
bursty_arrivals,declared_shift,1038,nominal_support_then_dqn_unanimity_else_projected_queue,-64.16,12.0,94.0,0.0,0.0,0.333333333,0.333333333,0.666666667,0.099999998,0.100000001,0.0,0.0,0.0,0.0
bursty_arrivals,declared_shift,1039,nominal_support_then_dqn_unanimity_else_projected_queue,-60.82,12.0,95.0,0.0,0.041666667,0.208333333,0.25,0.75,0.101725887,0.141421348,0.0,0.0,0.0,0.0
extended_outages,declared_shift,1000,projected_queue_observation_only,-74.74,13.0,93.0,0.0,,,,,,,,,,
extended_outages,declared_shift,1001,projected_queue_observation_only,-58.16,11.0,96.0,0.0,,,,,,,,,,
extended_outages,declared_shift,1002,projected_queue_observation_only,-63.24,12.0,96.0,0.0,,,,,,,,,,
extended_outages,declared_shift,1003,projected_queue_observation_only,-60.16,11.0,94.0,0.0,,,,,,,,,,
extended_outages,declared_shift,1004,projected_queue_observation_only,-57.28,11.0,94.0,0.0,,,,,,,,,,
extended_outages,declared_shift,1005,projected_queue_observation_only,-68.48,12.0,94.0,0.0,,,,,,,,,,
extended_outages,declared_shift,1006,projected_queue_observation_only,-65.06,12.0,94.0,0.0,,,,,,,,,,
extended_outages,declared_shift,1007,projected_queue_observation_only,-75.74,13.0,92.0,0.0,,,,,,,,,,
extended_outages,declared_shift,1008,projected_queue_observation_only,-60.16,11.0,94.0,0.0,,,,,,,,,,
extended_outages,declared_shift,1009,projected_queue_observation_only,-56.28,11.0,95.0,0.0,,,,,,,,,,
extended_outages,declared_shift,1010,projected_queue_observation_only,-55.46,11.0,96.0,0.0,,,,,,,,,,
extended_outages,declared_shift,1011,projected_queue_observation_only,-51.12,10.0,94.0,0.0,,,,,,,,,,
extended_outages,declared_shift,1012,projected_queue_observation_only,-57.28,11.0,94.0,0.0,,,,,,,,,,
extended_outages,declared_shift,1013,projected_queue_observation_only,-65.96,12.0,94.0,0.0,,,,,,,,,,
extended_outages,declared_shift,1014,projected_queue_observation_only,-64.06,12.0,95.0,0.0,,,,,,,,,,
extended_outages,declared_shift,1015,projected_queue_observation_only,-65.06,12.0,94.0,0.0,,,,,,,,,,
extended_outages,declared_shift,1016,projected_queue_observation_only,-55.46,11.0,96.0,0.0,,,,,,,,,,
extended_outages,declared_shift,1017,projected_queue_observation_only,-57.8,11.0,96.0,0.0,,,,,,,,,,
extended_outages,declared_shift,1018,projected_queue_observation_only,-50.48,10.0,95.0,0.0,,,,,,,,,,
extended_outages,declared_shift,1019,projected_queue_observation_only,-51.12,10.0,94.0,0.0,,,,,,,,,,
extended_outages,declared_shift,1020,projected_queue_observation_only,-58.16,11.0,96.0,0.0,,,,,,,,,,
extended_outages,declared_shift,1021,projected_queue_observation_only,-66.96,12.0,93.0,0.0,,,,,,,,,,
extended_outages,declared_shift,1022,projected_queue_observation_only,-50.12,10.0,95.0,0.0,,,,,,,,,,
extended_outages,declared_shift,1023,projected_queue_observation_only,-67.48,12.0,95.0,0.0,,,,,,,,,,
extended_outages,declared_shift,1024,projected_queue_observation_only,-55.46,11.0,96.0,0.0,,,,,,,,,,
extended_outages,declared_shift,1025,projected_queue_observation_only,-71.12,13.0,95.0,0.0,,,,,,,,,,
extended_outages,declared_shift,1026,projected_queue_observation_only,-56.28,11.0,95.0,0.0,,,,,,,,,,
extended_outages,declared_shift,1027,projected_queue_observation_only,-57.28,11.0,94.0,0.0,,,,,,,,,,
extended_outages,declared_shift,1028,projected_queue_observation_only,-70.3,13.0,96.0,0.0,,,,,,,,,,
extended_outages,declared_shift,1029,projected_queue_observation_only,-72.12,13.0,94.0,0.0,,,,,,,,,,
extended_outages,declared_shift,1030,projected_queue_observation_only,-68.48,12.0,94.0,0.0,,,,,,,,,,
extended_outages,declared_shift,1031,projected_queue_observation_only,-66.48,12.0,96.0,0.0,,,,,,,,,,
extended_outages,declared_shift,1032,projected_queue_observation_only,-58.16,11.0,96.0,0.0,,,,,,,,,,
extended_outages,declared_shift,1033,projected_queue_observation_only,-71.12,13.0,95.0,0.0,,,,,,,,,,
extended_outages,declared_shift,1034,projected_queue_observation_only,-70.3,13.0,96.0,0.0,,,,,,,,,,
extended_outages,declared_shift,1035,projected_queue_observation_only,-75.74,13.0,92.0,0.0,,,,,,,,,,
extended_outages,declared_shift,1036,projected_queue_observation_only,-51.12,10.0,94.0,0.0,,,,,,,,,,
extended_outages,declared_shift,1037,projected_queue_observation_only,-68.48,12.0,94.0,0.0,,,,,,,,,,
extended_outages,declared_shift,1038,projected_queue_observation_only,-60.16,11.0,94.0,0.0,,,,,,,,,,
extended_outages,declared_shift,1039,projected_queue_observation_only,-72.12,13.0,94.0,0.0,,,,,,,,,,
extended_outages,declared_shift,1000,dqn_ensemble_vote_gate_1,-74.74,13.0,93.0,0.0,,,,,,,,,,
extended_outages,declared_shift,1001,dqn_ensemble_vote_gate_1,-58.16,11.0,96.0,0.0,,,,,,,,,,
extended_outages,declared_shift,1002,dqn_ensemble_vote_gate_1,-63.24,12.0,96.0,0.0,,,,,,,,,,
extended_outages,declared_shift,1003,dqn_ensemble_vote_gate_1,-60.16,11.0,94.0,0.0,,,,,,,,,,
extended_outages,declared_shift,1004,dqn_ensemble_vote_gate_1,-57.28,11.0,94.0,0.0,,,,,,,,,,
extended_outages,declared_shift,1005,dqn_ensemble_vote_gate_1,-68.48,12.0,94.0,0.0,,,,,,,,,,
extended_outages,declared_shift,1006,dqn_ensemble_vote_gate_1,-65.06,12.0,94.0,0.0,,,,,,,,,,
extended_outages,declared_shift,1007,dqn_ensemble_vote_gate_1,-75.74,13.0,92.0,0.0,,,,,,,,,,
extended_outages,declared_shift,1008,dqn_ensemble_vote_gate_1,-60.16,11.0,94.0,0.0,,,,,,,,,,
extended_outages,declared_shift,1009,dqn_ensemble_vote_gate_1,-56.28,11.0,95.0,0.0,,,,,,,,,,
extended_outages,declared_shift,1010,dqn_ensemble_vote_gate_1,-55.46,11.0,96.0,0.0,,,,,,,,,,
extended_outages,declared_shift,1011,dqn_ensemble_vote_gate_1,-51.12,10.0,94.0,0.0,,,,,,,,,,
extended_outages,declared_shift,1012,dqn_ensemble_vote_gate_1,-57.28,11.0,94.0,0.0,,,,,,,,,,
extended_outages,declared_shift,1013,dqn_ensemble_vote_gate_1,-65.96,12.0,94.0,0.0,,,,,,,,,,
extended_outages,declared_shift,1014,dqn_ensemble_vote_gate_1,-64.06,12.0,95.0,0.0,,,,,,,,,,
extended_outages,declared_shift,1015,dqn_ensemble_vote_gate_1,-65.06,12.0,94.0,0.0,,,,,,,,,,
extended_outages,declared_shift,1016,dqn_ensemble_vote_gate_1,-55.46,11.0,96.0,0.0,,,,,,,,,,
extended_outages,declared_shift,1017,dqn_ensemble_vote_gate_1,-57.8,11.0,96.0,0.0,,,,,,,,,,
extended_outages,declared_shift,1018,dqn_ensemble_vote_gate_1,-50.48,10.0,95.0,0.0,,,,,,,,,,
extended_outages,declared_shift,1019,dqn_ensemble_vote_gate_1,-51.12,10.0,94.0,0.0,,,,,,,,,,
extended_outages,declared_shift,1020,dqn_ensemble_vote_gate_1,-58.16,11.0,96.0,0.0,,,,,,,,,,
extended_outages,declared_shift,1021,dqn_ensemble_vote_gate_1,-66.96,12.0,93.0,0.0,,,,,,,,,,
extended_outages,declared_shift,1022,dqn_ensemble_vote_gate_1,-50.12,10.0,95.0,0.0,,,,,,,,,,
extended_outages,declared_shift,1023,dqn_ensemble_vote_gate_1,-67.48,12.0,95.0,0.0,,,,,,,,,,
extended_outages,declared_shift,1024,dqn_ensemble_vote_gate_1,-55.46,11.0,96.0,0.0,,,,,,,,,,
extended_outages,declared_shift,1025,dqn_ensemble_vote_gate_1,-71.12,13.0,95.0,0.0,,,,,,,,,,
extended_outages,declared_shift,1026,dqn_ensemble_vote_gate_1,-56.28,11.0,95.0,0.0,,,,,,,,,,
extended_outages,declared_shift,1027,dqn_ensemble_vote_gate_1,-57.28,11.0,94.0,0.0,,,,,,,,,,
extended_outages,declared_shift,1028,dqn_ensemble_vote_gate_1,-70.3,13.0,96.0,0.0,,,,,,,,,,
extended_outages,declared_shift,1029,dqn_ensemble_vote_gate_1,-72.12,13.0,94.0,0.0,,,,,,,,,,
extended_outages,declared_shift,1030,dqn_ensemble_vote_gate_1,-68.48,12.0,94.0,0.0,,,,,,,,,,
extended_outages,declared_shift,1031,dqn_ensemble_vote_gate_1,-66.48,12.0,96.0,0.0,,,,,,,,,,
extended_outages,declared_shift,1032,dqn_ensemble_vote_gate_1,-58.16,11.0,96.0,0.0,,,,,,,,,,
extended_outages,declared_shift,1033,dqn_ensemble_vote_gate_1,-71.12,13.0,95.0,0.0,,,,,,,,,,
extended_outages,declared_shift,1034,dqn_ensemble_vote_gate_1,-70.3,13.0,96.0,0.0,,,,,,,,,,
extended_outages,declared_shift,1035,dqn_ensemble_vote_gate_1,-75.74,13.0,92.0,0.0,,,,,,,,,,
extended_outages,declared_shift,1036,dqn_ensemble_vote_gate_1,-51.12,10.0,94.0,0.0,,,,,,,,,,
extended_outages,declared_shift,1037,dqn_ensemble_vote_gate_1,-68.48,12.0,94.0,0.0,,,,,,,,,,
extended_outages,declared_shift,1038,dqn_ensemble_vote_gate_1,-60.16,11.0,94.0,0.0,,,,,,,,,,
extended_outages,declared_shift,1039,dqn_ensemble_vote_gate_1,-72.12,13.0,94.0,0.0,,,,,,,,,,
extended_outages,declared_shift,1000,nominal_support_then_dqn_unanimity_else_projected_queue,-74.74,13.0,93.0,0.0,0.5,0.0,0.5,0.5,0.068397131,0.223606795,0.0,0.0,0.0,0.0
extended_outages,declared_shift,1001,nominal_support_then_dqn_unanimity_else_projected_queue,-58.16,11.0,96.0,0.0,0.5,0.0,0.5,0.5,0.066313797,0.223606795,0.0,0.0,0.0,0.0
extended_outages,declared_shift,1002,nominal_support_then_dqn_unanimity_else_projected_queue,-63.24,12.0,96.0,0.0,0.5,0.0,0.5,0.5,0.07146408,0.223606795,0.0,0.0,0.0,0.0
extended_outages,declared_shift,1003,nominal_support_then_dqn_unanimity_else_projected_queue,-60.16,11.0,94.0,0.0,0.5,0.0,0.5,0.5,0.069751883,0.223606795,0.0,0.0,0.0,0.0
extended_outages,declared_shift,1004,nominal_support_then_dqn_unanimity_else_projected_queue,-57.28,11.0,94.0,0.0,0.5,0.0,0.5,0.5,0.068888939,0.223606795,0.0,0.0,0.0,0.0
extended_outages,declared_shift,1005,nominal_support_then_dqn_unanimity_else_projected_queue,-68.48,12.0,94.0,0.0,0.5,0.0,0.5,0.5,0.068888939,0.223606795,0.0,0.0,0.0,0.0
extended_outages,declared_shift,1006,nominal_support_then_dqn_unanimity_else_projected_queue,-65.06,12.0,94.0,0.0,0.5,0.0,0.5,0.5,0.074410358,0.223606795,0.0,0.0,0.0,0.0
extended_outages,declared_shift,1007,nominal_support_then_dqn_unanimity_else_projected_queue,-75.74,13.0,92.0,0.0,0.5,0.0,0.5,0.5,0.068397131,0.223606795,0.0,0.0,0.0,0.0
extended_outages,declared_shift,1008,nominal_support_then_dqn_unanimity_else_projected_queue,-60.16,11.0,94.0,0.0,0.5,0.0,0.5,0.5,0.069751883,0.223606795,0.0,0.0,0.0,0.0
extended_outages,declared_shift,1009,nominal_support_then_dqn_unanimity_else_projected_queue,-56.28,11.0,95.0,0.0,0.5,0.0,0.5,0.5,0.068888939,0.223606795,0.0,0.0,0.0,0.0
extended_outages,declared_shift,1010,nominal_support_then_dqn_unanimity_else_projected_queue,-55.46,11.0,96.0,0.0,0.5,0.0,0.5,0.5,0.069751884,0.223606795,0.0,0.0,0.0,0.0
extended_outages,declared_shift,1011,nominal_support_then_dqn_unanimity_else_projected_queue,-51.12,10.0,94.0,0.0,0.5,0.0,0.5,0.5,0.069751884,0.223606795,0.0,0.0,0.0,0.0
extended_outages,declared_shift,1012,nominal_support_then_dqn_unanimity_else_projected_queue,-57.28,11.0,94.0,0.0,0.5,0.0,0.5,0.5,0.068888939,0.223606795,0.0,0.0,0.0,0.0
extended_outages,declared_shift,1013,nominal_support_then_dqn_unanimity_else_projected_queue,-65.96,12.0,94.0,0.0,0.5,0.0,0.5,0.5,0.066313797,0.223606795,0.0,0.0,0.0,0.0
extended_outages,declared_shift,1014,nominal_support_then_dqn_unanimity_else_projected_queue,-64.06,12.0,95.0,0.0,0.5,0.0,0.5,0.5,0.073547413,0.223606795,0.0,0.0,0.0,0.0
extended_outages,declared_shift,1015,nominal_support_then_dqn_unanimity_else_projected_queue,-65.06,12.0,94.0,0.0,0.5,0.0,0.5,0.5,0.074410358,0.223606795,0.0,0.0,0.0,0.0
extended_outages,declared_shift,1016,nominal_support_then_dqn_unanimity_else_projected_queue,-55.46,11.0,96.0,0.0,0.5,0.0,0.5,0.5,0.069751884,0.223606795,0.0,0.0,0.0,0.0
extended_outages,declared_shift,1017,nominal_support_then_dqn_unanimity_else_projected_queue,-57.8,11.0,96.0,0.0,0.5,0.0,0.5,0.5,0.068888939,0.223606795,0.0,0.0,0.0,0.0
extended_outages,declared_shift,1018,nominal_support_then_dqn_unanimity_else_projected_queue,-50.48,10.0,95.0,0.0,0.5,0.0,0.5,0.5,0.07012302,0.223606795,0.0,0.0,0.0,0.0
extended_outages,declared_shift,1019,nominal_support_then_dqn_unanimity_else_projected_queue,-51.12,10.0,94.0,0.0,0.5,0.0,0.5,0.5,0.069751884,0.223606795,0.0,0.0,0.0,0.0
extended_outages,declared_shift,1020,nominal_support_then_dqn_unanimity_else_projected_queue,-58.16,11.0,96.0,0.0,0.5,0.0,0.5,0.5,0.066313797,0.223606795,0.0,0.0,0.0,0.0
extended_outages,declared_shift,1021,nominal_support_then_dqn_unanimity_else_projected_queue,-66.96,12.0,93.0,0.0,0.5,0.0,0.5,0.5,0.066313797,0.223606795,0.0,0.0,0.0,0.0
extended_outages,declared_shift,1022,nominal_support_then_dqn_unanimity_else_projected_queue,-50.12,10.0,95.0,0.0,0.5,0.0,0.5,0.5,0.067176742,0.223606795,0.0,0.0,0.0,0.0
extended_outages,declared_shift,1023,nominal_support_then_dqn_unanimity_else_projected_queue,-67.48,12.0,95.0,0.0,0.5,0.0,0.5,0.5,0.068888939,0.223606795,0.0,0.0,0.0,0.0
extended_outages,declared_shift,1024,nominal_support_then_dqn_unanimity_else_projected_queue,-55.46,11.0,96.0,0.0,0.5,0.0,0.5,0.5,0.069751884,0.223606795,0.0,0.0,0.0,0.0
extended_outages,declared_shift,1025,nominal_support_then_dqn_unanimity_else_projected_queue,-71.12,13.0,95.0,0.0,0.5,0.0,0.5,0.5,0.076122554,0.223606795,0.0,0.0,0.0,0.0
extended_outages,declared_shift,1026,nominal_support_then_dqn_unanimity_else_projected_queue,-56.28,11.0,95.0,0.0,0.5,0.0,0.5,0.5,0.068888939,0.223606795,0.0,0.0,0.0,0.0
extended_outages,declared_shift,1027,nominal_support_then_dqn_unanimity_else_projected_queue,-57.28,11.0,94.0,0.0,0.5,0.0,0.5,0.5,0.068888939,0.223606795,0.0,0.0,0.0,0.0
extended_outages,declared_shift,1028,nominal_support_then_dqn_unanimity_else_projected_queue,-70.3,13.0,96.0,0.0,0.5,0.0,0.5,0.5,0.078205887,0.223606795,0.0,0.0,0.0,0.0
extended_outages,declared_shift,1029,nominal_support_then_dqn_unanimity_else_projected_queue,-72.12,13.0,94.0,0.0,0.5,0.0,0.5,0.5,0.076122554,0.223606795,0.0,0.0,0.0,0.0
extended_outages,declared_shift,1030,nominal_support_then_dqn_unanimity_else_projected_queue,-68.48,12.0,94.0,0.0,0.5,0.0,0.5,0.5,0.068888939,0.223606795,0.0,0.0,0.0,0.0
extended_outages,declared_shift,1031,nominal_support_then_dqn_unanimity_else_projected_queue,-66.48,12.0,96.0,0.0,0.5,0.0,0.5,0.5,0.069751883,0.223606795,0.0,0.0,0.0,0.0
extended_outages,declared_shift,1032,nominal_support_then_dqn_unanimity_else_projected_queue,-58.16,11.0,96.0,0.0,0.5,0.0,0.5,0.5,0.069751883,0.223606795,0.0,0.0,0.0,0.0
extended_outages,declared_shift,1033,nominal_support_then_dqn_unanimity_else_projected_queue,-71.12,13.0,95.0,0.0,0.5,0.0,0.5,0.5,0.076122554,0.223606795,0.0,0.0,0.0,0.0
extended_outages,declared_shift,1034,nominal_support_then_dqn_unanimity_else_projected_queue,-70.3,13.0,96.0,0.0,0.5,0.0,0.5,0.5,0.078205887,0.223606795,0.0,0.0,0.0,0.0
extended_outages,declared_shift,1035,nominal_support_then_dqn_unanimity_else_projected_queue,-75.74,13.0,92.0,0.0,0.5,0.0,0.5,0.5,0.068397131,0.223606795,0.0,0.0,0.0,0.0
extended_outages,declared_shift,1036,nominal_support_then_dqn_unanimity_else_projected_queue,-51.12,10.0,94.0,0.0,0.5,0.0,0.5,0.5,0.069751884,0.223606795,0.0,0.0,0.0,0.0
extended_outages,declared_shift,1037,nominal_support_then_dqn_unanimity_else_projected_queue,-68.48,12.0,94.0,0.0,0.5,0.0,0.5,0.5,0.068888939,0.223606795,0.0,0.0,0.0,0.0
extended_outages,declared_shift,1038,nominal_support_then_dqn_unanimity_else_projected_queue,-60.16,11.0,94.0,0.0,0.5,0.0,0.5,0.5,0.069751883,0.223606795,0.0,0.0,0.0,0.0
extended_outages,declared_shift,1039,nominal_support_then_dqn_unanimity_else_projected_queue,-72.12,13.0,94.0,0.0,0.5,0.0,0.5,0.5,0.076122554,0.223606795,0.0,0.0,0.0,0.0
reduced_capacity,declared_shift,1000,projected_queue_observation_only,-45.44,19.0,95.0,0.0,,,,,,,,,,
reduced_capacity,declared_shift,1001,projected_queue_observation_only,-45.52,19.0,96.0,0.0,,,,,,,,,,
reduced_capacity,declared_shift,1002,projected_queue_observation_only,-49.16,20.0,96.0,0.0,,,,,,,,,,
reduced_capacity,declared_shift,1003,projected_queue_observation_only,-47.52,19.0,94.0,0.0,,,,,,,,,,
reduced_capacity,declared_shift,1004,projected_queue_observation_only,-39.1,18.0,95.0,0.0,,,,,,,,,,
reduced_capacity,declared_shift,1005,projected_queue_observation_only,-54.52,20.0,91.0,0.0,,,,,,,,,,
reduced_capacity,declared_shift,1006,projected_queue_observation_only,-38.64,18.0,96.0,0.0,,,,,,,,,,
reduced_capacity,declared_shift,1007,projected_queue_observation_only,-46.26,19.0,94.0,0.0,,,,,,,,,,
reduced_capacity,declared_shift,1008,projected_queue_observation_only,-47.52,19.0,94.0,0.0,,,,,,,,,,
reduced_capacity,declared_shift,1009,projected_queue_observation_only,-45.08,19.0,95.0,0.0,,,,,,,,,,
reduced_capacity,declared_shift,1010,projected_queue_observation_only,-44.26,19.0,96.0,0.0,,,,,,,,,,
reduced_capacity,declared_shift,1011,projected_queue_observation_only,-41.36,18.0,94.0,0.0,,,,,,,,,,
reduced_capacity,declared_shift,1012,projected_queue_observation_only,-39.1,18.0,95.0,0.0,,,,,,,,,,
reduced_capacity,declared_shift,1013,projected_queue_observation_only,-51.88,20.0,94.0,0.0,,,,,,,,,,
reduced_capacity,declared_shift,1014,projected_queue_observation_only,-44.62,19.0,96.0,0.0,,,,,,,,,,
reduced_capacity,declared_shift,1015,projected_queue_observation_only,-38.64,18.0,96.0,0.0,,,,,,,,,,
reduced_capacity,declared_shift,1016,projected_queue_observation_only,-44.26,19.0,96.0,0.0,,,,,,,,,,
reduced_capacity,declared_shift,1017,projected_queue_observation_only,-45.16,19.0,96.0,0.0,,,,,,,,,,
reduced_capacity,declared_shift,1018,projected_queue_observation_only,-40.72,18.0,95.0,0.0,,,,,,,,,,
reduced_capacity,declared_shift,1019,projected_queue_observation_only,-41.36,18.0,94.0,0.0,,,,,,,,,,
reduced_capacity,declared_shift,1020,projected_queue_observation_only,-45.52,19.0,96.0,0.0,,,,,,,,,,
reduced_capacity,declared_shift,1021,projected_queue_observation_only,-39.1,18.0,95.0,0.0,,,,,,,,,,
reduced_capacity,declared_shift,1022,projected_queue_observation_only,-40.36,18.0,95.0,0.0,,,,,,,,,,
reduced_capacity,declared_shift,1023,projected_queue_observation_only,-53.52,20.0,92.0,0.0,,,,,,,,,,
reduced_capacity,declared_shift,1024,projected_queue_observation_only,-44.26,19.0,96.0,0.0,,,,,,,,,,
reduced_capacity,declared_shift,1025,projected_queue_observation_only,-50.24,20.0,96.0,0.0,,,,,,,,,,
reduced_capacity,declared_shift,1026,projected_queue_observation_only,-45.08,19.0,95.0,0.0,,,,,,,,,,
reduced_capacity,declared_shift,1027,projected_queue_observation_only,-39.1,18.0,95.0,0.0,,,,,,,,,,
reduced_capacity,declared_shift,1028,projected_queue_observation_only,-54.8,20.0,90.0,0.0,,,,,,,,,,
reduced_capacity,declared_shift,1029,projected_queue_observation_only,-44.26,19.0,96.0,0.0,,,,,,,,,,
reduced_capacity,declared_shift,1030,projected_queue_observation_only,-54.52,20.0,91.0,0.0,,,,,,,,,,
reduced_capacity,declared_shift,1031,projected_queue_observation_only,-50.52,20.0,95.0,0.0,,,,,,,,,,
reduced_capacity,declared_shift,1032,projected_queue_observation_only,-45.52,19.0,96.0,0.0,,,,,,,,,,
reduced_capacity,declared_shift,1033,projected_queue_observation_only,-50.24,20.0,96.0,0.0,,,,,,,,,,
reduced_capacity,declared_shift,1034,projected_queue_observation_only,-54.8,20.0,90.0,0.0,,,,,,,,,,
reduced_capacity,declared_shift,1035,projected_queue_observation_only,-46.26,19.0,94.0,0.0,,,,,,,,,,
reduced_capacity,declared_shift,1036,projected_queue_observation_only,-41.36,18.0,94.0,0.0,,,,,,,,,,
reduced_capacity,declared_shift,1037,projected_queue_observation_only,-54.52,20.0,91.0,0.0,,,,,,,,,,
reduced_capacity,declared_shift,1038,projected_queue_observation_only,-47.52,19.0,94.0,0.0,,,,,,,,,,
reduced_capacity,declared_shift,1039,projected_queue_observation_only,-44.26,19.0,96.0,0.0,,,,,,,,,,
reduced_capacity,declared_shift,1000,dqn_ensemble_vote_gate_1,-45.44,19.0,95.0,0.0,,,,,,,,,,
reduced_capacity,declared_shift,1001,dqn_ensemble_vote_gate_1,-43.54,19.0,96.0,0.0,,,,,,,,,,
reduced_capacity,declared_shift,1002,dqn_ensemble_vote_gate_1,-49.16,20.0,96.0,0.0,,,,,,,,,,
reduced_capacity,declared_shift,1003,dqn_ensemble_vote_gate_1,-47.52,19.0,94.0,0.0,,,,,,,,,,
reduced_capacity,declared_shift,1004,dqn_ensemble_vote_gate_1,-39.1,18.0,95.0,0.0,,,,,,,,,,
reduced_capacity,declared_shift,1005,dqn_ensemble_vote_gate_1,-52.54,20.0,91.0,0.0,,,,,,,,,,
reduced_capacity,declared_shift,1006,dqn_ensemble_vote_gate_1,-38.64,18.0,96.0,0.0,,,,,,,,,,
reduced_capacity,declared_shift,1007,dqn_ensemble_vote_gate_1,-46.26,19.0,94.0,0.0,,,,,,,,,,
reduced_capacity,declared_shift,1008,dqn_ensemble_vote_gate_1,-47.52,19.0,94.0,0.0,,,,,,,,,,
reduced_capacity,declared_shift,1009,dqn_ensemble_vote_gate_1,-37.56,18.0,96.0,0.0,,,,,,,,,,
reduced_capacity,declared_shift,1010,dqn_ensemble_vote_gate_1,-44.26,19.0,96.0,0.0,,,,,,,,,,
reduced_capacity,declared_shift,1011,dqn_ensemble_vote_gate_1,-41.36,18.0,94.0,0.0,,,,,,,,,,
reduced_capacity,declared_shift,1012,dqn_ensemble_vote_gate_1,-39.1,18.0,95.0,0.0,,,,,,,,,,
reduced_capacity,declared_shift,1013,dqn_ensemble_vote_gate_1,-38.28,18.0,96.0,0.0,,,,,,,,,,
reduced_capacity,declared_shift,1014,dqn_ensemble_vote_gate_1,-42.64,19.0,96.0,0.0,,,,,,,,,,
reduced_capacity,declared_shift,1015,dqn_ensemble_vote_gate_1,-38.64,18.0,96.0,0.0,,,,,,,,,,
reduced_capacity,declared_shift,1016,dqn_ensemble_vote_gate_1,-44.26,19.0,96.0,0.0,,,,,,,,,,
reduced_capacity,declared_shift,1017,dqn_ensemble_vote_gate_1,-45.16,19.0,96.0,0.0,,,,,,,,,,
reduced_capacity,declared_shift,1018,dqn_ensemble_vote_gate_1,-40.72,18.0,95.0,0.0,,,,,,,,,,
reduced_capacity,declared_shift,1019,dqn_ensemble_vote_gate_1,-41.36,18.0,94.0,0.0,,,,,,,,,,
reduced_capacity,declared_shift,1020,dqn_ensemble_vote_gate_1,-43.54,19.0,96.0,0.0,,,,,,,,,,
reduced_capacity,declared_shift,1021,dqn_ensemble_vote_gate_1,-39.1,18.0,95.0,0.0,,,,,,,,,,
reduced_capacity,declared_shift,1022,dqn_ensemble_vote_gate_1,-40.36,18.0,95.0,0.0,,,,,,,,,,
reduced_capacity,declared_shift,1023,dqn_ensemble_vote_gate_1,-51.54,20.0,92.0,0.0,,,,,,,,,,
reduced_capacity,declared_shift,1024,dqn_ensemble_vote_gate_1,-44.26,19.0,96.0,0.0,,,,,,,,,,
reduced_capacity,declared_shift,1025,dqn_ensemble_vote_gate_1,-50.24,20.0,96.0,0.0,,,,,,,,,,
reduced_capacity,declared_shift,1026,dqn_ensemble_vote_gate_1,-37.56,18.0,96.0,0.0,,,,,,,,,,
reduced_capacity,declared_shift,1027,dqn_ensemble_vote_gate_1,-39.1,18.0,95.0,0.0,,,,,,,,,,
reduced_capacity,declared_shift,1028,dqn_ensemble_vote_gate_1,-52.82,20.0,90.0,0.0,,,,,,,,,,
reduced_capacity,declared_shift,1029,dqn_ensemble_vote_gate_1,-44.26,19.0,96.0,0.0,,,,,,,,,,
reduced_capacity,declared_shift,1030,dqn_ensemble_vote_gate_1,-52.54,20.0,91.0,0.0,,,,,,,,,,
reduced_capacity,declared_shift,1031,dqn_ensemble_vote_gate_1,-50.52,20.0,95.0,0.0,,,,,,,,,,
reduced_capacity,declared_shift,1032,dqn_ensemble_vote_gate_1,-45.52,19.0,96.0,0.0,,,,,,,,,,
reduced_capacity,declared_shift,1033,dqn_ensemble_vote_gate_1,-50.24,20.0,96.0,0.0,,,,,,,,,,
reduced_capacity,declared_shift,1034,dqn_ensemble_vote_gate_1,-52.82,20.0,90.0,0.0,,,,,,,,,,
reduced_capacity,declared_shift,1035,dqn_ensemble_vote_gate_1,-46.26,19.0,94.0,0.0,,,,,,,,,,
reduced_capacity,declared_shift,1036,dqn_ensemble_vote_gate_1,-41.36,18.0,94.0,0.0,,,,,,,,,,
reduced_capacity,declared_shift,1037,dqn_ensemble_vote_gate_1,-52.54,20.0,91.0,0.0,,,,,,,,,,
reduced_capacity,declared_shift,1038,dqn_ensemble_vote_gate_1,-47.52,19.0,94.0,0.0,,,,,,,,,,
reduced_capacity,declared_shift,1039,dqn_ensemble_vote_gate_1,-44.26,19.0,96.0,0.0,,,,,,,,,,
reduced_capacity,declared_shift,1000,nominal_support_then_dqn_unanimity_else_projected_queue,-45.44,19.0,95.0,0.0,1.0,0.0,1.0,0.0,0.207481721,0.253859103,0.0,0.0,0.0,0.0
reduced_capacity,declared_shift,1001,nominal_support_then_dqn_unanimity_else_projected_queue,-45.52,19.0,96.0,0.0,1.0,0.0,1.0,0.0,0.206511423,0.253859103,0.0,0.0,-1.98,0.0
reduced_capacity,declared_shift,1002,nominal_support_then_dqn_unanimity_else_projected_queue,-49.16,20.0,96.0,0.0,1.0,0.0,1.0,0.0,0.206602172,0.253859103,0.0,0.0,0.0,0.0
reduced_capacity,declared_shift,1003,nominal_support_then_dqn_unanimity_else_projected_queue,-47.52,19.0,94.0,0.0,1.0,0.0,1.0,0.0,0.206546966,0.253859103,0.0,0.0,0.0,0.0
reduced_capacity,declared_shift,1004,nominal_support_then_dqn_unanimity_else_projected_queue,-39.1,18.0,95.0,0.0,1.0,0.0,1.0,0.0,0.206547083,0.253859103,0.0,0.0,0.0,0.0
reduced_capacity,declared_shift,1005,nominal_support_then_dqn_unanimity_else_projected_queue,-54.52,20.0,91.0,0.0,1.0,0.0,1.0,0.0,0.206486592,0.253859103,0.0,0.0,-1.98,0.0
reduced_capacity,declared_shift,1006,nominal_support_then_dqn_unanimity_else_projected_queue,-38.64,18.0,96.0,0.0,1.0,0.0,1.0,0.0,0.206575342,0.253859103,0.0,0.0,0.0,0.0
reduced_capacity,declared_shift,1007,nominal_support_then_dqn_unanimity_else_projected_queue,-46.26,19.0,94.0,0.0,1.0,0.0,1.0,0.0,0.207388009,0.253859103,0.0,0.0,0.0,0.0
reduced_capacity,declared_shift,1008,nominal_support_then_dqn_unanimity_else_projected_queue,-47.52,19.0,94.0,0.0,1.0,0.0,1.0,0.0,0.206546966,0.253859103,0.0,0.0,0.0,0.0
reduced_capacity,declared_shift,1009,nominal_support_then_dqn_unanimity_else_projected_queue,-45.08,19.0,95.0,0.0,1.0,0.0,1.0,0.0,0.206325931,0.253859103,0.0,0.0,-7.52,1.0
reduced_capacity,declared_shift,1010,nominal_support_then_dqn_unanimity_else_projected_queue,-44.26,19.0,96.0,0.0,1.0,0.0,1.0,0.0,0.206381006,0.253859103,0.0,0.0,0.0,0.0
reduced_capacity,declared_shift,1011,nominal_support_then_dqn_unanimity_else_projected_queue,-41.36,18.0,94.0,0.0,1.0,0.0,1.0,0.0,0.206289021,0.253859103,0.0,0.0,0.0,0.0
reduced_capacity,declared_shift,1012,nominal_support_then_dqn_unanimity_else_projected_queue,-39.1,18.0,95.0,0.0,1.0,0.0,1.0,0.0,0.206547083,0.253859103,0.0,0.0,0.0,0.0
reduced_capacity,declared_shift,1013,nominal_support_then_dqn_unanimity_else_projected_queue,-51.88,20.0,94.0,0.0,1.0,0.0,1.0,0.0,0.206465632,0.253859103,0.0,0.0,-13.6,2.0
reduced_capacity,declared_shift,1014,nominal_support_then_dqn_unanimity_else_projected_queue,-44.62,19.0,96.0,0.0,1.0,0.0,1.0,0.0,0.206726412,0.253859103,0.0,0.0,-1.98,0.0
reduced_capacity,declared_shift,1015,nominal_support_then_dqn_unanimity_else_projected_queue,-38.64,18.0,96.0,0.0,1.0,0.0,1.0,0.0,0.206575342,0.253859103,0.0,0.0,0.0,0.0
reduced_capacity,declared_shift,1016,nominal_support_then_dqn_unanimity_else_projected_queue,-44.26,19.0,96.0,0.0,1.0,0.0,1.0,0.0,0.206381006,0.253859103,0.0,0.0,0.0,0.0
reduced_capacity,declared_shift,1017,nominal_support_then_dqn_unanimity_else_projected_queue,-45.16,19.0,96.0,0.0,1.0,0.0,1.0,0.0,0.206455894,0.253859103,0.0,0.0,0.0,0.0
reduced_capacity,declared_shift,1018,nominal_support_then_dqn_unanimity_else_projected_queue,-40.72,18.0,95.0,0.0,1.0,0.0,1.0,0.0,0.20659633,0.253859103,0.0,0.0,0.0,0.0
reduced_capacity,declared_shift,1019,nominal_support_then_dqn_unanimity_else_projected_queue,-41.36,18.0,94.0,0.0,1.0,0.0,1.0,0.0,0.206289021,0.253859103,0.0,0.0,0.0,0.0
reduced_capacity,declared_shift,1020,nominal_support_then_dqn_unanimity_else_projected_queue,-45.52,19.0,96.0,0.0,1.0,0.0,1.0,0.0,0.206511423,0.253859103,0.0,0.0,-1.98,0.0
reduced_capacity,declared_shift,1021,nominal_support_then_dqn_unanimity_else_projected_queue,-39.1,18.0,95.0,0.0,1.0,0.0,1.0,0.0,0.206449392,0.253859103,0.0,0.0,0.0,0.0
reduced_capacity,declared_shift,1022,nominal_support_then_dqn_unanimity_else_projected_queue,-40.36,18.0,95.0,0.0,1.0,0.0,1.0,0.0,0.206698666,0.253859103,0.0,0.0,0.0,0.0
reduced_capacity,declared_shift,1023,nominal_support_then_dqn_unanimity_else_projected_queue,-53.52,20.0,92.0,0.0,1.0,0.0,1.0,0.0,0.206533357,0.253859103,0.0,0.0,-1.98,0.0
reduced_capacity,declared_shift,1024,nominal_support_then_dqn_unanimity_else_projected_queue,-44.26,19.0,96.0,0.0,1.0,0.0,1.0,0.0,0.206381006,0.253859103,0.0,0.0,0.0,0.0
reduced_capacity,declared_shift,1025,nominal_support_then_dqn_unanimity_else_projected_queue,-50.24,20.0,96.0,0.0,1.0,0.0,1.0,0.0,0.20674434,0.253859103,0.0,0.0,0.0,0.0
reduced_capacity,declared_shift,1026,nominal_support_then_dqn_unanimity_else_projected_queue,-45.08,19.0,95.0,0.0,1.0,0.0,1.0,0.0,0.206325931,0.253859103,0.0,0.0,-7.52,1.0
reduced_capacity,declared_shift,1027,nominal_support_then_dqn_unanimity_else_projected_queue,-39.1,18.0,95.0,0.0,1.0,0.0,1.0,0.0,0.206547083,0.253859103,0.0,0.0,0.0,0.0
reduced_capacity,declared_shift,1028,nominal_support_then_dqn_unanimity_else_projected_queue,-54.8,20.0,90.0,0.0,1.0,0.0,1.0,0.0,0.205582682,0.253859103,0.0,0.0,-1.98,0.0
reduced_capacity,declared_shift,1029,nominal_support_then_dqn_unanimity_else_projected_queue,-44.26,19.0,96.0,0.0,1.0,0.0,1.0,0.0,0.207365328,0.253859103,0.0,0.0,0.0,0.0
reduced_capacity,declared_shift,1030,nominal_support_then_dqn_unanimity_else_projected_queue,-54.52,20.0,91.0,0.0,1.0,0.0,1.0,0.0,0.206486592,0.253859103,0.0,0.0,-1.98,0.0
reduced_capacity,declared_shift,1031,nominal_support_then_dqn_unanimity_else_projected_queue,-50.52,20.0,95.0,0.0,1.0,0.0,1.0,0.0,0.207816619,0.253859103,0.0,0.0,0.0,0.0
reduced_capacity,declared_shift,1032,nominal_support_then_dqn_unanimity_else_projected_queue,-45.52,19.0,96.0,0.0,1.0,0.0,1.0,0.0,0.206592756,0.253859103,0.0,0.0,0.0,0.0
reduced_capacity,declared_shift,1033,nominal_support_then_dqn_unanimity_else_projected_queue,-50.24,20.0,96.0,0.0,1.0,0.0,1.0,0.0,0.20674434,0.253859103,0.0,0.0,0.0,0.0
reduced_capacity,declared_shift,1034,nominal_support_then_dqn_unanimity_else_projected_queue,-54.8,20.0,90.0,0.0,1.0,0.0,1.0,0.0,0.205582682,0.253859103,0.0,0.0,-1.98,0.0
reduced_capacity,declared_shift,1035,nominal_support_then_dqn_unanimity_else_projected_queue,-46.26,19.0,94.0,0.0,1.0,0.0,1.0,0.0,0.207388009,0.253859103,0.0,0.0,0.0,0.0
reduced_capacity,declared_shift,1036,nominal_support_then_dqn_unanimity_else_projected_queue,-41.36,18.0,94.0,0.0,1.0,0.0,1.0,0.0,0.206289021,0.253859103,0.0,0.0,0.0,0.0
reduced_capacity,declared_shift,1037,nominal_support_then_dqn_unanimity_else_projected_queue,-54.52,20.0,91.0,0.0,1.0,0.0,1.0,0.0,0.206486592,0.253859103,0.0,0.0,-1.98,0.0
reduced_capacity,declared_shift,1038,nominal_support_then_dqn_unanimity_else_projected_queue,-47.52,19.0,94.0,0.0,1.0,0.0,1.0,0.0,0.206546966,0.253859103,0.0,0.0,0.0,0.0
reduced_capacity,declared_shift,1039,nominal_support_then_dqn_unanimity_else_projected_queue,-44.26,19.0,96.0,0.0,1.0,0.0,1.0,0.0,0.207365328,0.253859103,0.0,0.0,0.0,0.0
shifted_service_asymmetry,declared_shift,1000,projected_queue_observation_only,-106.5,20.0,77.0,0.0,,,,,,,,,,
shifted_service_asymmetry,declared_shift,1001,projected_queue_observation_only,-109.94,20.0,75.0,0.0,,,,,,,,,,
shifted_service_asymmetry,declared_shift,1002,projected_queue_observation_only,-108.48,20.0,77.0,0.0,,,,,,,,,,
shifted_service_asymmetry,declared_shift,1003,projected_queue_observation_only,-107.66,20.0,78.0,0.0,,,,,,,,,,
shifted_service_asymmetry,declared_shift,1004,projected_queue_observation_only,-105.04,20.0,79.0,0.0,,,,,,,,,,
shifted_service_asymmetry,declared_shift,1005,projected_queue_observation_only,-109.14,20.0,74.0,0.0,,,,,,,,,,
shifted_service_asymmetry,declared_shift,1006,projected_queue_observation_only,-112.64,21.0,79.0,0.0,,,,,,,,,,
shifted_service_asymmetry,declared_shift,1007,projected_queue_observation_only,-107.5,20.0,76.0,0.0,,,,,,,,,,
shifted_service_asymmetry,declared_shift,1008,projected_queue_observation_only,-107.66,20.0,78.0,0.0,,,,,,,,,,
shifted_service_asymmetry,declared_shift,1009,projected_queue_observation_only,-104.22,20.0,80.0,0.0,,,,,,,,,,
shifted_service_asymmetry,declared_shift,1010,projected_queue_observation_only,-108.94,20.0,76.0,0.0,,,,,,,,,,
shifted_service_asymmetry,declared_shift,1011,projected_queue_observation_only,-108.3,20.0,77.0,0.0,,,,,,,,,,
shifted_service_asymmetry,declared_shift,1012,projected_queue_observation_only,-105.04,20.0,79.0,0.0,,,,,,,,,,
shifted_service_asymmetry,declared_shift,1013,projected_queue_observation_only,-106.68,20.0,77.0,0.0,,,,,,,,,,
shifted_service_asymmetry,declared_shift,1014,projected_queue_observation_only,-111.82,21.0,80.0,0.0,,,,,,,,,,
shifted_service_asymmetry,declared_shift,1015,projected_queue_observation_only,-112.64,21.0,79.0,0.0,,,,,,,,,,
shifted_service_asymmetry,declared_shift,1016,projected_queue_observation_only,-108.94,20.0,76.0,0.0,,,,,,,,,,
shifted_service_asymmetry,declared_shift,1017,projected_queue_observation_only,-109.58,20.0,75.0,0.0,,,,,,,,,,
shifted_service_asymmetry,declared_shift,1018,projected_queue_observation_only,-114.46,21.0,77.0,0.0,,,,,,,,,,
shifted_service_asymmetry,declared_shift,1019,projected_queue_observation_only,-108.3,20.0,77.0,0.0,,,,,,,,,,
shifted_service_asymmetry,declared_shift,1020,projected_queue_observation_only,-109.94,20.0,75.0,0.0,,,,,,,,,,
shifted_service_asymmetry,declared_shift,1021,projected_queue_observation_only,-104.84,20.0,81.0,0.0,,,,,,,,,,
shifted_service_asymmetry,declared_shift,1022,projected_queue_observation_only,-106.04,20.0,78.0,0.0,,,,,,,,,,
shifted_service_asymmetry,declared_shift,1023,projected_queue_observation_only,-116.2,21.0,74.0,0.0,,,,,,,,,,
shifted_service_asymmetry,declared_shift,1024,projected_queue_observation_only,-108.94,20.0,76.0,0.0,,,,,,,,,,
shifted_service_asymmetry,declared_shift,1025,projected_queue_observation_only,-108.12,20.0,77.0,0.0,,,,,,,,,,
shifted_service_asymmetry,declared_shift,1026,projected_queue_observation_only,-104.22,20.0,80.0,0.0,,,,,,,,,,
shifted_service_asymmetry,declared_shift,1027,projected_queue_observation_only,-105.04,20.0,79.0,0.0,,,,,,,,,,
shifted_service_asymmetry,declared_shift,1028,projected_queue_observation_only,-109.42,20.0,73.0,0.0,,,,,,,,,,
shifted_service_asymmetry,declared_shift,1029,projected_queue_observation_only,-108.94,20.0,76.0,0.0,,,,,,,,,,
shifted_service_asymmetry,declared_shift,1030,projected_queue_observation_only,-109.14,20.0,74.0,0.0,,,,,,,,,,
shifted_service_asymmetry,declared_shift,1031,projected_queue_observation_only,-110.7,20.0,71.0,0.0,,,,,,,,,,
shifted_service_asymmetry,declared_shift,1032,projected_queue_observation_only,-115.84,21.0,74.0,0.0,,,,,,,,,,
shifted_service_asymmetry,declared_shift,1033,projected_queue_observation_only,-108.12,20.0,77.0,0.0,,,,,,,,,,
shifted_service_asymmetry,declared_shift,1034,projected_queue_observation_only,-109.42,20.0,73.0,0.0,,,,,,,,,,
shifted_service_asymmetry,declared_shift,1035,projected_queue_observation_only,-107.5,20.0,76.0,0.0,,,,,,,,,,
shifted_service_asymmetry,declared_shift,1036,projected_queue_observation_only,-108.3,20.0,77.0,0.0,,,,,,,,,,
shifted_service_asymmetry,declared_shift,1037,projected_queue_observation_only,-109.14,20.0,74.0,0.0,,,,,,,,,,
shifted_service_asymmetry,declared_shift,1038,projected_queue_observation_only,-107.66,20.0,78.0,0.0,,,,,,,,,,
shifted_service_asymmetry,declared_shift,1039,projected_queue_observation_only,-108.94,20.0,76.0,0.0,,,,,,,,,,
shifted_service_asymmetry,declared_shift,1000,dqn_ensemble_vote_gate_1,-113.16,21.0,81.0,0.0,,,,,,,,,,
shifted_service_asymmetry,declared_shift,1001,dqn_ensemble_vote_gate_1,-111.02,20.0,75.0,0.0,,,,,,,,,,
shifted_service_asymmetry,declared_shift,1002,dqn_ensemble_vote_gate_1,-109.56,20.0,77.0,0.0,,,,,,,,,,
shifted_service_asymmetry,declared_shift,1003,dqn_ensemble_vote_gate_1,-108.74,20.0,78.0,0.0,,,,,,,,,,
shifted_service_asymmetry,declared_shift,1004,dqn_ensemble_vote_gate_1,-111.7,21.0,83.0,0.0,,,,,,,,,,
shifted_service_asymmetry,declared_shift,1005,dqn_ensemble_vote_gate_1,-115.8,21.0,78.0,0.0,,,,,,,,,,
shifted_service_asymmetry,declared_shift,1006,dqn_ensemble_vote_gate_1,-107.66,20.0,78.0,0.0,,,,,,,,,,
shifted_service_asymmetry,declared_shift,1007,dqn_ensemble_vote_gate_1,-114.16,21.0,80.0,0.0,,,,,,,,,,
shifted_service_asymmetry,declared_shift,1008,dqn_ensemble_vote_gate_1,-108.74,20.0,78.0,0.0,,,,,,,,,,
shifted_service_asymmetry,declared_shift,1009,dqn_ensemble_vote_gate_1,-110.88,21.0,84.0,0.0,,,,,,,,,,
shifted_service_asymmetry,declared_shift,1010,dqn_ensemble_vote_gate_1,-110.02,20.0,76.0,0.0,,,,,,,,,,
shifted_service_asymmetry,declared_shift,1011,dqn_ensemble_vote_gate_1,-109.38,20.0,77.0,0.0,,,,,,,,,,
shifted_service_asymmetry,declared_shift,1012,dqn_ensemble_vote_gate_1,-111.7,21.0,83.0,0.0,,,,,,,,,,
shifted_service_asymmetry,declared_shift,1013,dqn_ensemble_vote_gate_1,-113.52,21.0,81.0,0.0,,,,,,,,,,
shifted_service_asymmetry,declared_shift,1014,dqn_ensemble_vote_gate_1,-106.84,20.0,79.0,0.0,,,,,,,,,,
shifted_service_asymmetry,declared_shift,1015,dqn_ensemble_vote_gate_1,-107.66,20.0,78.0,0.0,,,,,,,,,,
shifted_service_asymmetry,declared_shift,1016,dqn_ensemble_vote_gate_1,-110.02,20.0,76.0,0.0,,,,,,,,,,
shifted_service_asymmetry,declared_shift,1017,dqn_ensemble_vote_gate_1,-110.66,20.0,75.0,0.0,,,,,,,,,,
shifted_service_asymmetry,declared_shift,1018,dqn_ensemble_vote_gate_1,-109.48,20.0,76.0,0.0,,,,,,,,,,
shifted_service_asymmetry,declared_shift,1019,dqn_ensemble_vote_gate_1,-109.38,20.0,77.0,0.0,,,,,,,,,,
shifted_service_asymmetry,declared_shift,1020,dqn_ensemble_vote_gate_1,-111.02,20.0,75.0,0.0,,,,,,,,,,
shifted_service_asymmetry,declared_shift,1021,dqn_ensemble_vote_gate_1,-105.92,20.0,81.0,0.0,,,,,,,,,,
shifted_service_asymmetry,declared_shift,1022,dqn_ensemble_vote_gate_1,-112.7,21.0,82.0,0.0,,,,,,,,,,
shifted_service_asymmetry,declared_shift,1023,dqn_ensemble_vote_gate_1,-111.22,20.0,73.0,0.0,,,,,,,,,,
shifted_service_asymmetry,declared_shift,1024,dqn_ensemble_vote_gate_1,-110.02,20.0,76.0,0.0,,,,,,,,,,
shifted_service_asymmetry,declared_shift,1025,dqn_ensemble_vote_gate_1,-109.2,20.0,77.0,0.0,,,,,,,,,,
shifted_service_asymmetry,declared_shift,1026,dqn_ensemble_vote_gate_1,-110.88,21.0,84.0,0.0,,,,,,,,,,
shifted_service_asymmetry,declared_shift,1027,dqn_ensemble_vote_gate_1,-111.7,21.0,83.0,0.0,,,,,,,,,,
shifted_service_asymmetry,declared_shift,1028,dqn_ensemble_vote_gate_1,-116.08,21.0,77.0,0.0,,,,,,,,,,
shifted_service_asymmetry,declared_shift,1029,dqn_ensemble_vote_gate_1,-110.02,20.0,76.0,0.0,,,,,,,,,,
shifted_service_asymmetry,declared_shift,1030,dqn_ensemble_vote_gate_1,-115.8,21.0,78.0,0.0,,,,,,,,,,
shifted_service_asymmetry,declared_shift,1031,dqn_ensemble_vote_gate_1,-117.36,21.0,75.0,0.0,,,,,,,,,,
shifted_service_asymmetry,declared_shift,1032,dqn_ensemble_vote_gate_1,-111.04,20.0,73.0,0.0,,,,,,,,,,
shifted_service_asymmetry,declared_shift,1033,dqn_ensemble_vote_gate_1,-109.2,20.0,77.0,0.0,,,,,,,,,,
shifted_service_asymmetry,declared_shift,1034,dqn_ensemble_vote_gate_1,-116.08,21.0,77.0,0.0,,,,,,,,,,
shifted_service_asymmetry,declared_shift,1035,dqn_ensemble_vote_gate_1,-114.16,21.0,80.0,0.0,,,,,,,,,,
shifted_service_asymmetry,declared_shift,1036,dqn_ensemble_vote_gate_1,-109.38,20.0,77.0,0.0,,,,,,,,,,
shifted_service_asymmetry,declared_shift,1037,dqn_ensemble_vote_gate_1,-115.8,21.0,78.0,0.0,,,,,,,,,,
shifted_service_asymmetry,declared_shift,1038,dqn_ensemble_vote_gate_1,-108.74,20.0,78.0,0.0,,,,,,,,,,
shifted_service_asymmetry,declared_shift,1039,dqn_ensemble_vote_gate_1,-110.02,20.0,76.0,0.0,,,,,,,,,,
shifted_service_asymmetry,declared_shift,1000,nominal_support_then_dqn_unanimity_else_projected_queue,-106.5,20.0,77.0,0.0,0.659090909,0.068181818,0.727272727,0.272727273,0.130581458,0.200000003,0.0,0.0,6.66,-1.0
shifted_service_asymmetry,declared_shift,1001,nominal_support_then_dqn_unanimity_else_projected_queue,-109.94,20.0,75.0,0.0,0.674418605,0.069767442,0.744186047,0.255813953,0.131292655,0.200000003,0.0,0.0,1.08,0.0
shifted_service_asymmetry,declared_shift,1002,nominal_support_then_dqn_unanimity_else_projected_queue,-108.48,20.0,77.0,0.0,0.659090909,0.090909091,0.75,0.25,0.130581458,0.200000003,0.0,0.0,1.08,0.0
shifted_service_asymmetry,declared_shift,1003,nominal_support_then_dqn_unanimity_else_projected_queue,-107.66,20.0,78.0,0.0,0.644444444,0.088888889,0.733333333,0.266666667,0.131203618,0.200000003,0.0,0.0,1.08,0.0
shifted_service_asymmetry,declared_shift,1004,nominal_support_then_dqn_unanimity_else_projected_queue,-105.04,20.0,79.0,0.0,0.652173913,0.065217391,0.717391304,0.282608696,0.127978381,0.200000003,0.0,0.0,6.66,-1.0
shifted_service_asymmetry,declared_shift,1005,nominal_support_then_dqn_unanimity_else_projected_queue,-109.14,20.0,74.0,0.0,0.651162791,0.069767442,0.720930233,0.279069767,0.130329367,0.200000003,0.0,0.0,6.66,-1.0
shifted_service_asymmetry,declared_shift,1006,nominal_support_then_dqn_unanimity_else_projected_queue,-112.64,21.0,79.0,0.0,0.652173913,0.065217391,0.717391304,0.282608696,0.132326205,0.200000003,0.0,0.0,-4.98,1.0
shifted_service_asymmetry,declared_shift,1007,nominal_support_then_dqn_unanimity_else_projected_queue,-107.5,20.0,76.0,0.0,0.659090909,0.068181818,0.727272727,0.272727273,0.130581458,0.200000003,0.0,0.0,6.66,-1.0
shifted_service_asymmetry,declared_shift,1008,nominal_support_then_dqn_unanimity_else_projected_queue,-107.66,20.0,78.0,0.0,0.644444444,0.088888889,0.733333333,0.266666667,0.131203618,0.200000003,0.0,0.0,1.08,0.0
shifted_service_asymmetry,declared_shift,1009,nominal_support_then_dqn_unanimity_else_projected_queue,-104.22,20.0,80.0,0.0,0.652173913,0.065217391,0.717391304,0.282608696,0.127978381,0.200000003,0.0,0.0,6.66,-1.0
shifted_service_asymmetry,declared_shift,1010,nominal_support_then_dqn_unanimity_else_projected_queue,-108.94,20.0,76.0,0.0,0.636363636,0.090909091,0.727272727,0.272727273,0.129640064,0.200000003,0.0,0.0,1.08,0.0
shifted_service_asymmetry,declared_shift,1011,nominal_support_then_dqn_unanimity_else_projected_queue,-108.3,20.0,77.0,0.0,0.644444444,0.088888889,0.733333333,0.266666667,0.131203618,0.200000003,0.0,0.0,1.08,0.0
shifted_service_asymmetry,declared_shift,1012,nominal_support_then_dqn_unanimity_else_projected_queue,-105.04,20.0,79.0,0.0,0.652173913,0.065217391,0.717391304,0.282608696,0.127978381,0.200000003,0.0,0.0,6.66,-1.0
shifted_service_asymmetry,declared_shift,1013,nominal_support_then_dqn_unanimity_else_projected_queue,-106.68,20.0,77.0,0.0,0.659090909,0.068181818,0.727272727,0.272727273,0.132854184,0.200000003,0.0,0.0,6.84,-1.0
shifted_service_asymmetry,declared_shift,1014,nominal_support_then_dqn_unanimity_else_projected_queue,-111.82,21.0,80.0,0.0,0.652173913,0.065217391,0.717391304,0.282608696,0.130152292,0.200000003,0.0,0.0,-4.98,1.0
shifted_service_asymmetry,declared_shift,1015,nominal_support_then_dqn_unanimity_else_projected_queue,-112.64,21.0,79.0,0.0,0.652173913,0.065217391,0.717391304,0.282608696,0.132326205,0.200000003,0.0,0.0,-4.98,1.0
shifted_service_asymmetry,declared_shift,1016,nominal_support_then_dqn_unanimity_else_projected_queue,-108.94,20.0,76.0,0.0,0.636363636,0.090909091,0.727272727,0.272727273,0.129640064,0.200000003,0.0,0.0,1.08,0.0
shifted_service_asymmetry,declared_shift,1017,nominal_support_then_dqn_unanimity_else_projected_queue,-109.58,20.0,75.0,0.0,0.651162791,0.069767442,0.720930233,0.279069767,0.130329368,0.200000003,0.0,0.0,1.08,0.0
shifted_service_asymmetry,declared_shift,1018,nominal_support_then_dqn_unanimity_else_projected_queue,-114.46,21.0,77.0,0.0,0.666666667,0.066666667,0.733333333,0.266666667,0.133044565,0.200000003,0.0,0.0,-4.98,1.0
shifted_service_asymmetry,declared_shift,1019,nominal_support_then_dqn_unanimity_else_projected_queue,-108.3,20.0,77.0,0.0,0.644444444,0.088888889,0.733333333,0.266666667,0.131203618,0.200000003,0.0,0.0,1.08,0.0
shifted_service_asymmetry,declared_shift,1020,nominal_support_then_dqn_unanimity_else_projected_queue,-109.94,20.0,75.0,0.0,0.674418605,0.069767442,0.744186047,0.255813953,0.131292655,0.200000003,0.0,0.0,1.08,0.0
shifted_service_asymmetry,declared_shift,1021,nominal_support_then_dqn_unanimity_else_projected_queue,-104.84,20.0,81.0,0.0,0.652173913,0.086956522,0.739130435,0.260869565,0.132116694,0.200000003,0.0,0.0,1.08,0.0
shifted_service_asymmetry,declared_shift,1022,nominal_support_then_dqn_unanimity_else_projected_queue,-106.04,20.0,78.0,0.0,0.666666667,0.044444444,0.711111111,0.288888889,0.128600122,0.200000003,0.0,0.0,6.66,-1.0
shifted_service_asymmetry,declared_shift,1023,nominal_support_then_dqn_unanimity_else_projected_queue,-116.2,21.0,74.0,0.0,0.674418605,0.069767442,0.744186047,0.255813953,0.133618234,0.200000003,0.0,0.0,-4.98,1.0
shifted_service_asymmetry,declared_shift,1024,nominal_support_then_dqn_unanimity_else_projected_queue,-108.94,20.0,76.0,0.0,0.636363636,0.090909091,0.727272727,0.272727273,0.129640064,0.200000003,0.0,0.0,1.08,0.0
shifted_service_asymmetry,declared_shift,1025,nominal_support_then_dqn_unanimity_else_projected_queue,-108.12,20.0,77.0,0.0,0.636363636,0.068181818,0.704545455,0.295454545,0.129640064,0.200000003,0.0,0.0,1.08,0.0
shifted_service_asymmetry,declared_shift,1026,nominal_support_then_dqn_unanimity_else_projected_queue,-104.22,20.0,80.0,0.0,0.652173913,0.065217391,0.717391304,0.282608696,0.127978381,0.200000003,0.0,0.0,6.66,-1.0
shifted_service_asymmetry,declared_shift,1027,nominal_support_then_dqn_unanimity_else_projected_queue,-105.04,20.0,79.0,0.0,0.652173913,0.065217391,0.717391304,0.282608696,0.127978381,0.200000003,0.0,0.0,6.66,-1.0
shifted_service_asymmetry,declared_shift,1028,nominal_support_then_dqn_unanimity_else_projected_queue,-109.42,20.0,73.0,0.0,0.666666667,0.047619048,0.714285714,0.285714286,0.129656765,0.200000003,0.0,0.0,6.66,-1.0
shifted_service_asymmetry,declared_shift,1029,nominal_support_then_dqn_unanimity_else_projected_queue,-108.94,20.0,76.0,0.0,0.636363636,0.068181818,0.704545455,0.295454545,0.129640064,0.200000003,0.0,0.0,1.08,0.0
shifted_service_asymmetry,declared_shift,1030,nominal_support_then_dqn_unanimity_else_projected_queue,-109.14,20.0,74.0,0.0,0.651162791,0.069767442,0.720930233,0.279069767,0.130329367,0.200000003,0.0,0.0,6.66,-1.0
shifted_service_asymmetry,declared_shift,1031,nominal_support_then_dqn_unanimity_else_projected_queue,-110.7,20.0,71.0,0.0,0.658536585,0.048780488,0.707317073,0.292682927,0.129369824,0.200000003,0.0,0.0,6.66,-1.0
shifted_service_asymmetry,declared_shift,1032,nominal_support_then_dqn_unanimity_else_projected_queue,-116.02,21.0,74.0,0.0,0.674418605,0.046511628,0.720930233,0.279069767,0.13416723,0.223606795,-0.18,0.0,-4.98,1.0
shifted_service_asymmetry,declared_shift,1033,nominal_support_then_dqn_unanimity_else_projected_queue,-108.12,20.0,77.0,0.0,0.636363636,0.068181818,0.704545455,0.295454545,0.129640064,0.200000003,0.0,0.0,1.08,0.0
shifted_service_asymmetry,declared_shift,1034,nominal_support_then_dqn_unanimity_else_projected_queue,-109.42,20.0,73.0,0.0,0.666666667,0.047619048,0.714285714,0.285714286,0.129656765,0.200000003,0.0,0.0,6.66,-1.0
shifted_service_asymmetry,declared_shift,1035,nominal_support_then_dqn_unanimity_else_projected_queue,-107.5,20.0,76.0,0.0,0.659090909,0.068181818,0.727272727,0.272727273,0.130581458,0.200000003,0.0,0.0,6.66,-1.0
shifted_service_asymmetry,declared_shift,1036,nominal_support_then_dqn_unanimity_else_projected_queue,-108.3,20.0,77.0,0.0,0.644444444,0.088888889,0.733333333,0.266666667,0.131203618,0.200000003,0.0,0.0,1.08,0.0
shifted_service_asymmetry,declared_shift,1037,nominal_support_then_dqn_unanimity_else_projected_queue,-109.14,20.0,74.0,0.0,0.651162791,0.069767442,0.720930233,0.279069767,0.130329367,0.200000003,0.0,0.0,6.66,-1.0
shifted_service_asymmetry,declared_shift,1038,nominal_support_then_dqn_unanimity_else_projected_queue,-107.66,20.0,78.0,0.0,0.644444444,0.088888889,0.733333333,0.266666667,0.131203618,0.200000003,0.0,0.0,1.08,0.0
shifted_service_asymmetry,declared_shift,1039,nominal_support_then_dqn_unanimity_else_projected_queue,-108.94,20.0,76.0,0.0,0.636363636,0.068181818,0.704545455,0.295454545,0.129640064,0.200000003,0.0,0.0,1.08,0.0
sealed_support_monitor_challenge,sealed_final_challenge,1000,projected_queue_observation_only,-102.8,23.0,27.0,0.0,,,,,,,,,,
sealed_support_monitor_challenge,sealed_final_challenge,1001,projected_queue_observation_only,-95.18,21.0,25.0,0.0,,,,,,,,,,
sealed_support_monitor_challenge,sealed_final_challenge,1002,projected_queue_observation_only,-88.64,20.0,27.0,0.0,,,,,,,,,,
sealed_support_monitor_challenge,sealed_final_challenge,1003,projected_queue_observation_only,-89.92,20.0,25.0,0.0,,,,,,,,,,
sealed_support_monitor_challenge,sealed_final_challenge,1004,projected_queue_observation_only,-107.96,24.0,28.0,0.0,,,,,,,,,,
sealed_support_monitor_challenge,sealed_final_challenge,1005,projected_queue_observation_only,-94.64,21.0,25.0,0.0,,,,,,,,,,
sealed_support_monitor_challenge,sealed_final_challenge,1006,projected_queue_observation_only,-106.96,24.0,29.0,0.0,,,,,,,,,,
sealed_support_monitor_challenge,sealed_final_challenge,1007,projected_queue_observation_only,-98.62,22.0,27.0,0.0,,,,,,,,,,
sealed_support_monitor_challenge,sealed_final_challenge,1008,projected_queue_observation_only,-89.92,20.0,25.0,0.0,,,,,,,,,,
sealed_support_monitor_challenge,sealed_final_challenge,1009,projected_queue_observation_only,-107.14,24.0,29.0,0.0,,,,,,,,,,
sealed_support_monitor_challenge,sealed_final_challenge,1010,projected_queue_observation_only,-89.64,20.0,26.0,0.0,,,,,,,,,,
sealed_support_monitor_challenge,sealed_final_challenge,1011,projected_queue_observation_only,-92.72,21.0,28.0,0.0,,,,,,,,,,
sealed_support_monitor_challenge,sealed_final_challenge,1012,projected_queue_observation_only,-107.96,24.0,28.0,0.0,,,,,,,,,,
sealed_support_monitor_challenge,sealed_final_challenge,1013,projected_queue_observation_only,-103.16,23.0,27.0,0.0,,,,,,,,,,
sealed_support_monitor_challenge,sealed_final_challenge,1014,projected_queue_observation_only,-106.14,24.0,30.0,0.0,,,,,,,,,,
sealed_support_monitor_challenge,sealed_final_challenge,1015,projected_queue_observation_only,-106.96,24.0,29.0,0.0,,,,,,,,,,
sealed_support_monitor_challenge,sealed_final_challenge,1016,projected_queue_observation_only,-89.64,20.0,26.0,0.0,,,,,,,,,,
sealed_support_monitor_challenge,sealed_final_challenge,1017,projected_queue_observation_only,-96.26,21.0,25.0,0.0,,,,,,,,,,
sealed_support_monitor_challenge,sealed_final_challenge,1018,projected_queue_observation_only,-91.82,20.0,24.0,0.0,,,,,,,,,,
sealed_support_monitor_challenge,sealed_final_challenge,1019,projected_queue_observation_only,-92.72,21.0,28.0,0.0,,,,,,,,,,
sealed_support_monitor_challenge,sealed_final_challenge,1020,projected_queue_observation_only,-95.18,21.0,25.0,0.0,,,,,,,,,,
sealed_support_monitor_challenge,sealed_final_challenge,1021,projected_queue_observation_only,-97.9,22.0,27.0,0.0,,,,,,,,,,
sealed_support_monitor_challenge,sealed_final_challenge,1022,projected_queue_observation_only,-107.96,24.0,28.0,0.0,,,,,,,,,,
sealed_support_monitor_challenge,sealed_final_challenge,1023,projected_queue_observation_only,-93.82,21.0,26.0,0.0,,,,,,,,,,
sealed_support_monitor_challenge,sealed_final_challenge,1024,projected_queue_observation_only,-89.64,20.0,26.0,0.0,,,,,,,,,,
sealed_support_monitor_challenge,sealed_final_challenge,1025,projected_queue_observation_only,-89.18,20.0,27.0,0.0,,,,,,,,,,
sealed_support_monitor_challenge,sealed_final_challenge,1026,projected_queue_observation_only,-107.14,24.0,29.0,0.0,,,,,,,,,,
sealed_support_monitor_challenge,sealed_final_challenge,1027,projected_queue_observation_only,-107.96,24.0,28.0,0.0,,,,,,,,,,
sealed_support_monitor_challenge,sealed_final_challenge,1028,projected_queue_observation_only,-93.72,21.0,27.0,0.0,,,,,,,,,,
sealed_support_monitor_challenge,sealed_final_challenge,1029,projected_queue_observation_only,-90.0,20.0,26.0,0.0,,,,,,,,,,
sealed_support_monitor_challenge,sealed_final_challenge,1030,projected_queue_observation_only,-94.64,21.0,25.0,0.0,,,,,,,,,,
sealed_support_monitor_challenge,sealed_final_challenge,1031,projected_queue_observation_only,-91.12,20.0,22.0,0.0,,,,,,,,,,
sealed_support_monitor_challenge,sealed_final_challenge,1032,projected_queue_observation_only,-92.38,21.0,26.0,0.0,,,,,,,,,,
sealed_support_monitor_challenge,sealed_final_challenge,1033,projected_queue_observation_only,-89.18,20.0,27.0,0.0,,,,,,,,,,
sealed_support_monitor_challenge,sealed_final_challenge,1034,projected_queue_observation_only,-93.72,21.0,27.0,0.0,,,,,,,,,,
sealed_support_monitor_challenge,sealed_final_challenge,1035,projected_queue_observation_only,-98.62,22.0,27.0,0.0,,,,,,,,,,
sealed_support_monitor_challenge,sealed_final_challenge,1036,projected_queue_observation_only,-92.72,21.0,28.0,0.0,,,,,,,,,,
sealed_support_monitor_challenge,sealed_final_challenge,1037,projected_queue_observation_only,-94.64,21.0,25.0,0.0,,,,,,,,,,
sealed_support_monitor_challenge,sealed_final_challenge,1038,projected_queue_observation_only,-89.92,20.0,25.0,0.0,,,,,,,,,,
sealed_support_monitor_challenge,sealed_final_challenge,1039,projected_queue_observation_only,-90.0,20.0,26.0,0.0,,,,,,,,,,
sealed_support_monitor_challenge,sealed_final_challenge,1000,dqn_ensemble_vote_gate_1,-102.8,23.0,27.0,0.0,,,,,,,,,,
sealed_support_monitor_challenge,sealed_final_challenge,1001,dqn_ensemble_vote_gate_1,-95.18,21.0,25.0,0.0,,,,,,,,,,
sealed_support_monitor_challenge,sealed_final_challenge,1002,dqn_ensemble_vote_gate_1,-88.64,20.0,27.0,0.0,,,,,,,,,,
sealed_support_monitor_challenge,sealed_final_challenge,1003,dqn_ensemble_vote_gate_1,-89.92,20.0,25.0,0.0,,,,,,,,,,
sealed_support_monitor_challenge,sealed_final_challenge,1004,dqn_ensemble_vote_gate_1,-107.96,24.0,28.0,0.0,,,,,,,,,,
sealed_support_monitor_challenge,sealed_final_challenge,1005,dqn_ensemble_vote_gate_1,-94.64,21.0,25.0,0.0,,,,,,,,,,
sealed_support_monitor_challenge,sealed_final_challenge,1006,dqn_ensemble_vote_gate_1,-106.96,24.0,29.0,0.0,,,,,,,,,,
sealed_support_monitor_challenge,sealed_final_challenge,1007,dqn_ensemble_vote_gate_1,-98.62,22.0,27.0,0.0,,,,,,,,,,
sealed_support_monitor_challenge,sealed_final_challenge,1008,dqn_ensemble_vote_gate_1,-89.92,20.0,25.0,0.0,,,,,,,,,,
sealed_support_monitor_challenge,sealed_final_challenge,1009,dqn_ensemble_vote_gate_1,-107.14,24.0,29.0,0.0,,,,,,,,,,
sealed_support_monitor_challenge,sealed_final_challenge,1010,dqn_ensemble_vote_gate_1,-89.64,20.0,26.0,0.0,,,,,,,,,,
sealed_support_monitor_challenge,sealed_final_challenge,1011,dqn_ensemble_vote_gate_1,-92.72,21.0,28.0,0.0,,,,,,,,,,
sealed_support_monitor_challenge,sealed_final_challenge,1012,dqn_ensemble_vote_gate_1,-107.96,24.0,28.0,0.0,,,,,,,,,,
sealed_support_monitor_challenge,sealed_final_challenge,1013,dqn_ensemble_vote_gate_1,-103.16,23.0,27.0,0.0,,,,,,,,,,
sealed_support_monitor_challenge,sealed_final_challenge,1014,dqn_ensemble_vote_gate_1,-106.14,24.0,30.0,0.0,,,,,,,,,,
sealed_support_monitor_challenge,sealed_final_challenge,1015,dqn_ensemble_vote_gate_1,-106.96,24.0,29.0,0.0,,,,,,,,,,
sealed_support_monitor_challenge,sealed_final_challenge,1016,dqn_ensemble_vote_gate_1,-89.64,20.0,26.0,0.0,,,,,,,,,,
sealed_support_monitor_challenge,sealed_final_challenge,1017,dqn_ensemble_vote_gate_1,-96.26,21.0,25.0,0.0,,,,,,,,,,
sealed_support_monitor_challenge,sealed_final_challenge,1018,dqn_ensemble_vote_gate_1,-91.82,20.0,24.0,0.0,,,,,,,,,,
sealed_support_monitor_challenge,sealed_final_challenge,1019,dqn_ensemble_vote_gate_1,-92.72,21.0,28.0,0.0,,,,,,,,,,
sealed_support_monitor_challenge,sealed_final_challenge,1020,dqn_ensemble_vote_gate_1,-95.18,21.0,25.0,0.0,,,,,,,,,,
sealed_support_monitor_challenge,sealed_final_challenge,1021,dqn_ensemble_vote_gate_1,-97.9,22.0,27.0,0.0,,,,,,,,,,
sealed_support_monitor_challenge,sealed_final_challenge,1022,dqn_ensemble_vote_gate_1,-107.96,24.0,28.0,0.0,,,,,,,,,,
sealed_support_monitor_challenge,sealed_final_challenge,1023,dqn_ensemble_vote_gate_1,-93.82,21.0,26.0,0.0,,,,,,,,,,
sealed_support_monitor_challenge,sealed_final_challenge,1024,dqn_ensemble_vote_gate_1,-89.64,20.0,26.0,0.0,,,,,,,,,,
sealed_support_monitor_challenge,sealed_final_challenge,1025,dqn_ensemble_vote_gate_1,-89.18,20.0,27.0,0.0,,,,,,,,,,
sealed_support_monitor_challenge,sealed_final_challenge,1026,dqn_ensemble_vote_gate_1,-107.14,24.0,29.0,0.0,,,,,,,,,,
sealed_support_monitor_challenge,sealed_final_challenge,1027,dqn_ensemble_vote_gate_1,-107.96,24.0,28.0,0.0,,,,,,,,,,
sealed_support_monitor_challenge,sealed_final_challenge,1028,dqn_ensemble_vote_gate_1,-93.72,21.0,27.0,0.0,,,,,,,,,,
sealed_support_monitor_challenge,sealed_final_challenge,1029,dqn_ensemble_vote_gate_1,-90.0,20.0,26.0,0.0,,,,,,,,,,
sealed_support_monitor_challenge,sealed_final_challenge,1030,dqn_ensemble_vote_gate_1,-94.64,21.0,25.0,0.0,,,,,,,,,,
sealed_support_monitor_challenge,sealed_final_challenge,1031,dqn_ensemble_vote_gate_1,-91.12,20.0,22.0,0.0,,,,,,,,,,
sealed_support_monitor_challenge,sealed_final_challenge,1032,dqn_ensemble_vote_gate_1,-92.38,21.0,26.0,0.0,,,,,,,,,,
sealed_support_monitor_challenge,sealed_final_challenge,1033,dqn_ensemble_vote_gate_1,-89.18,20.0,27.0,0.0,,,,,,,,,,
sealed_support_monitor_challenge,sealed_final_challenge,1034,dqn_ensemble_vote_gate_1,-93.72,21.0,27.0,0.0,,,,,,,,,,
sealed_support_monitor_challenge,sealed_final_challenge,1035,dqn_ensemble_vote_gate_1,-98.62,22.0,27.0,0.0,,,,,,,,,,
sealed_support_monitor_challenge,sealed_final_challenge,1036,dqn_ensemble_vote_gate_1,-92.72,21.0,28.0,0.0,,,,,,,,,,
sealed_support_monitor_challenge,sealed_final_challenge,1037,dqn_ensemble_vote_gate_1,-94.64,21.0,25.0,0.0,,,,,,,,,,
sealed_support_monitor_challenge,sealed_final_challenge,1038,dqn_ensemble_vote_gate_1,-89.92,20.0,25.0,0.0,,,,,,,,,,
sealed_support_monitor_challenge,sealed_final_challenge,1039,dqn_ensemble_vote_gate_1,-90.0,20.0,26.0,0.0,,,,,,,,,,
sealed_support_monitor_challenge,sealed_final_challenge,1000,nominal_support_then_dqn_unanimity_else_projected_queue,-102.8,23.0,27.0,0.0,1.0,0.0,1.0,0.0,0.262558091,0.456891686,0.0,0.0,0.0,0.0
sealed_support_monitor_challenge,sealed_final_challenge,1001,nominal_support_then_dqn_unanimity_else_projected_queue,-95.18,21.0,25.0,0.0,1.0,0.0,1.0,0.0,0.250567194,0.456891686,0.0,0.0,0.0,0.0
sealed_support_monitor_challenge,sealed_final_challenge,1002,nominal_support_then_dqn_unanimity_else_projected_queue,-88.64,20.0,27.0,0.0,1.0,0.0,1.0,0.0,0.245047656,0.456891686,0.0,0.0,0.0,0.0
sealed_support_monitor_challenge,sealed_final_challenge,1003,nominal_support_then_dqn_unanimity_else_projected_queue,-89.92,20.0,25.0,0.0,1.0,0.0,1.0,0.0,0.271903689,0.456891686,0.0,0.0,0.0,0.0
sealed_support_monitor_challenge,sealed_final_challenge,1004,nominal_support_then_dqn_unanimity_else_projected_queue,-107.96,24.0,28.0,0.0,1.0,0.0,1.0,0.0,0.254667421,0.456891686,0.0,0.0,0.0,0.0
sealed_support_monitor_challenge,sealed_final_challenge,1005,nominal_support_then_dqn_unanimity_else_projected_queue,-94.64,21.0,25.0,0.0,1.0,0.0,1.0,0.0,0.272064405,0.456891686,0.0,0.0,0.0,0.0
sealed_support_monitor_challenge,sealed_final_challenge,1006,nominal_support_then_dqn_unanimity_else_projected_queue,-106.96,24.0,29.0,0.0,1.0,0.0,1.0,0.0,0.253987684,0.456891686,0.0,0.0,0.0,0.0
sealed_support_monitor_challenge,sealed_final_challenge,1007,nominal_support_then_dqn_unanimity_else_projected_queue,-98.62,22.0,27.0,0.0,1.0,0.0,1.0,0.0,0.262163329,0.456891686,0.0,0.0,0.0,0.0
sealed_support_monitor_challenge,sealed_final_challenge,1008,nominal_support_then_dqn_unanimity_else_projected_queue,-89.92,20.0,25.0,0.0,1.0,0.0,1.0,0.0,0.271903689,0.456891686,0.0,0.0,0.0,0.0
sealed_support_monitor_challenge,sealed_final_challenge,1009,nominal_support_then_dqn_unanimity_else_projected_queue,-107.14,24.0,29.0,0.0,1.0,0.0,1.0,0.0,0.253205925,0.456891686,0.0,0.0,0.0,0.0
sealed_support_monitor_challenge,sealed_final_challenge,1010,nominal_support_then_dqn_unanimity_else_projected_queue,-89.64,20.0,26.0,0.0,1.0,0.0,1.0,0.0,0.244927671,0.456891686,0.0,0.0,0.0,0.0
sealed_support_monitor_challenge,sealed_final_challenge,1011,nominal_support_then_dqn_unanimity_else_projected_queue,-92.72,21.0,28.0,0.0,1.0,0.0,1.0,0.0,0.257386854,0.456891686,0.0,0.0,0.0,0.0
sealed_support_monitor_challenge,sealed_final_challenge,1012,nominal_support_then_dqn_unanimity_else_projected_queue,-107.96,24.0,28.0,0.0,1.0,0.0,1.0,0.0,0.254667421,0.456891686,0.0,0.0,0.0,0.0
sealed_support_monitor_challenge,sealed_final_challenge,1013,nominal_support_then_dqn_unanimity_else_projected_queue,-103.16,23.0,27.0,0.0,1.0,0.0,1.0,0.0,0.261385036,0.456891686,0.0,0.0,0.0,0.0
sealed_support_monitor_challenge,sealed_final_challenge,1014,nominal_support_then_dqn_unanimity_else_projected_queue,-106.14,24.0,30.0,0.0,1.0,0.0,1.0,0.0,0.25416564,0.456891686,0.0,0.0,0.0,0.0
sealed_support_monitor_challenge,sealed_final_challenge,1015,nominal_support_then_dqn_unanimity_else_projected_queue,-106.96,24.0,29.0,0.0,1.0,0.0,1.0,0.0,0.253987684,0.456891686,0.0,0.0,0.0,0.0
sealed_support_monitor_challenge,sealed_final_challenge,1016,nominal_support_then_dqn_unanimity_else_projected_queue,-89.64,20.0,26.0,0.0,1.0,0.0,1.0,0.0,0.244927671,0.456891686,0.0,0.0,0.0,0.0
sealed_support_monitor_challenge,sealed_final_challenge,1017,nominal_support_then_dqn_unanimity_else_projected_queue,-96.26,21.0,25.0,0.0,1.0,0.0,1.0,0.0,0.252545065,0.456891686,0.0,0.0,0.0,0.0
sealed_support_monitor_challenge,sealed_final_challenge,1018,nominal_support_then_dqn_unanimity_else_projected_queue,-91.82,20.0,24.0,0.0,1.0,0.0,1.0,0.0,0.250874014,0.456891686,0.0,0.0,0.0,0.0
sealed_support_monitor_challenge,sealed_final_challenge,1019,nominal_support_then_dqn_unanimity_else_projected_queue,-92.72,21.0,28.0,0.0,1.0,0.0,1.0,0.0,0.257386854,0.456891686,0.0,0.0,0.0,0.0
sealed_support_monitor_challenge,sealed_final_challenge,1020,nominal_support_then_dqn_unanimity_else_projected_queue,-95.18,21.0,25.0,0.0,1.0,0.0,1.0,0.0,0.250567194,0.456891686,0.0,0.0,0.0,0.0
sealed_support_monitor_challenge,sealed_final_challenge,1021,nominal_support_then_dqn_unanimity_else_projected_queue,-97.9,22.0,27.0,0.0,1.0,0.0,1.0,0.0,0.261871483,0.456891686,0.0,0.0,0.0,0.0
sealed_support_monitor_challenge,sealed_final_challenge,1022,nominal_support_then_dqn_unanimity_else_projected_queue,-107.96,24.0,28.0,0.0,1.0,0.0,1.0,0.0,0.259325677,0.456891686,0.0,0.0,0.0,0.0
sealed_support_monitor_challenge,sealed_final_challenge,1023,nominal_support_then_dqn_unanimity_else_projected_queue,-93.82,21.0,26.0,0.0,1.0,0.0,1.0,0.0,0.268672429,0.456891686,0.0,0.0,0.0,0.0
sealed_support_monitor_challenge,sealed_final_challenge,1024,nominal_support_then_dqn_unanimity_else_projected_queue,-89.64,20.0,26.0,0.0,1.0,0.0,1.0,0.0,0.244927671,0.456891686,0.0,0.0,0.0,0.0
sealed_support_monitor_challenge,sealed_final_challenge,1025,nominal_support_then_dqn_unanimity_else_projected_queue,-89.18,20.0,27.0,0.0,1.0,0.0,1.0,0.0,0.244455985,0.456891686,0.0,0.0,0.0,0.0
sealed_support_monitor_challenge,sealed_final_challenge,1026,nominal_support_then_dqn_unanimity_else_projected_queue,-107.14,24.0,29.0,0.0,1.0,0.0,1.0,0.0,0.253205925,0.456891686,0.0,0.0,0.0,0.0
sealed_support_monitor_challenge,sealed_final_challenge,1027,nominal_support_then_dqn_unanimity_else_projected_queue,-107.96,24.0,28.0,0.0,1.0,0.0,1.0,0.0,0.254667421,0.456891686,0.0,0.0,0.0,0.0
sealed_support_monitor_challenge,sealed_final_challenge,1028,nominal_support_then_dqn_unanimity_else_projected_queue,-93.72,21.0,27.0,0.0,1.0,0.0,1.0,0.0,0.245095076,0.456891686,0.0,0.0,0.0,0.0
sealed_support_monitor_challenge,sealed_final_challenge,1029,nominal_support_then_dqn_unanimity_else_projected_queue,-90.0,20.0,26.0,0.0,1.0,0.0,1.0,0.0,0.244915129,0.456891686,0.0,0.0,0.0,0.0
sealed_support_monitor_challenge,sealed_final_challenge,1030,nominal_support_then_dqn_unanimity_else_projected_queue,-94.64,21.0,25.0,0.0,1.0,0.0,1.0,0.0,0.272064405,0.456891686,0.0,0.0,0.0,0.0
sealed_support_monitor_challenge,sealed_final_challenge,1031,nominal_support_then_dqn_unanimity_else_projected_queue,-91.12,20.0,22.0,0.0,1.0,0.0,1.0,0.0,0.26259854,0.456891686,0.0,0.0,0.0,0.0
sealed_support_monitor_challenge,sealed_final_challenge,1032,nominal_support_then_dqn_unanimity_else_projected_queue,-92.38,21.0,26.0,0.0,1.0,0.0,1.0,0.0,0.262039962,0.456891686,0.0,0.0,0.0,0.0
sealed_support_monitor_challenge,sealed_final_challenge,1033,nominal_support_then_dqn_unanimity_else_projected_queue,-89.18,20.0,27.0,0.0,1.0,0.0,1.0,0.0,0.244455985,0.456891686,0.0,0.0,0.0,0.0
sealed_support_monitor_challenge,sealed_final_challenge,1034,nominal_support_then_dqn_unanimity_else_projected_queue,-93.72,21.0,27.0,0.0,1.0,0.0,1.0,0.0,0.245095076,0.456891686,0.0,0.0,0.0,0.0
sealed_support_monitor_challenge,sealed_final_challenge,1035,nominal_support_then_dqn_unanimity_else_projected_queue,-98.62,22.0,27.0,0.0,1.0,0.0,1.0,0.0,0.262163329,0.456891686,0.0,0.0,0.0,0.0
sealed_support_monitor_challenge,sealed_final_challenge,1036,nominal_support_then_dqn_unanimity_else_projected_queue,-92.72,21.0,28.0,0.0,1.0,0.0,1.0,0.0,0.257386854,0.456891686,0.0,0.0,0.0,0.0
sealed_support_monitor_challenge,sealed_final_challenge,1037,nominal_support_then_dqn_unanimity_else_projected_queue,-94.64,21.0,25.0,0.0,1.0,0.0,1.0,0.0,0.272064405,0.456891686,0.0,0.0,0.0,0.0
sealed_support_monitor_challenge,sealed_final_challenge,1038,nominal_support_then_dqn_unanimity_else_projected_queue,-89.92,20.0,25.0,0.0,1.0,0.0,1.0,0.0,0.271903689,0.456891686,0.0,0.0,0.0,0.0
sealed_support_monitor_challenge,sealed_final_challenge,1039,nominal_support_then_dqn_unanimity_else_projected_queue,-90.0,20.0,26.0,0.0,1.0,0.0,1.0,0.0,0.244915129,0.456891686,0.0,0.0,0.0,0.0
